AttributeX,AttributeY,AttributeZ,AttributeT,Class,Class,Class,Class
-0.077595,-0.704345,-0.708065,1.001675,1,2,3,4
-0.07292,-0.69695,-0.7312,1.012835,1,2,3,4
-0.065985,-0.683855,-0.679135,0.966535,1,2,3,4
-0.103615,-0.6699,-0.71544,0.98627,1,2,3,4
-0.051255,-0.75781,-0.709245,1.039435,1,2,3,4
-0.04615,-0.72142,-0.702865,1.008355,1,2,3,4
-0.05905,-0.681235,-0.700445,0.979015,1,2,3,4
-0.051845,-0.71604,-0.693205,0.99822,1,2,3,4
-0.04737,-0.732265,-0.678005,1.00006,1,2,3,4
-0.0451,-0.7107,-0.69704,0.997205,1,2,3,4
-0.032265,-0.73792,-0.66871,0.996485,1,2,3,4
-0.02442,-0.72277,-0.685015,0.99629,1,2,3,4
-0.02775,-0.728545,-0.67774,0.99641,1,2,3,4
-0.031575,-0.713385,-0.692085,0.99449,1,2,3,4
-0.027445,-0.703495,-0.702755,0.99486,1,2,3,4
-0.025455,-0.70421,-0.701945,0.99466,1,2,3,4
-0.02236,-0.70417,-0.701775,0.99439,1,2,3,4
-0.01507,-0.71086,-0.69602,0.995105,1,2,3,4
-0.044255,-0.703305,-0.70205,0.99529,1,2,3,4
-0.069695,-0.69258,-0.70975,0.994245,1,2,3,4
-0.099815,-0.677985,-0.720175,0.99426,1,2,3,4
-0.078625,-0.680215,-0.72081,0.994305,1,2,3,4
-0.057915,-0.69473,-0.70982,0.994985,1,2,3,4
-0.05743,-0.69248,-0.71173,0.994735,1,2,3,4
-0.057215,-0.691025,-0.713135,0.9947,1,2,3,4
-0.06255,-0.690305,-0.713125,0.99459,1,2,3,4
-0.05799,-0.687305,-0.717695,0.99546,1,2,3,4
-0.059145,-0.68598,-0.71781,0.99475,1,2,3,4
-0.053425,-0.6868,-0.717645,0.99484,1,2,3,4
-0.05265,-0.68364,-0.72046,0.994665,1,2,3,4
-0.052425,-0.688595,-0.716495,0.99518,1,2,3,4
-0.06391,-0.68236,-0.72045,0.99456,1,2,3,4
-0.05081,-0.694145,-0.71058,0.99468,1,2,3,4
-0.053355,-0.693285,-0.71105,0.994585,1,2,3,4
-0.05431,-0.689235,-0.71536,0.994845,1,2,3,4
-0.04895,-0.662765,-0.7403,0.99528,1,2,3,4
-0.040325,-0.606755,-0.79275,0.999235,1,2,3,4
-0.034865,-0.61464,-0.78629,0.998715,1,2,3,4
-0.03906,-0.61499,-0.78582,0.998695,1,2,3,4
-0.05247,-0.588505,-0.802645,0.997695,1,2,3,4
-0.046415,-0.59736,-0.799045,0.99911,1,2,3,4
-0.048735,-0.60561,-0.791225,0.99781,1,2,3,4
-0.038125,-0.60741,-0.79304,0.999795,1,2,3,4
-0.034265,-0.62293,-0.77669,0.996855,1,2,3,4
-0.04454,-0.68117,-0.72301,0.994575,1,2,3,4
-0.03425,-0.681365,-0.725515,0.996305,1,2,3,4
-0.02953,-0.68116,-0.725475,0.995755,1,2,3,4
-0.03565,-0.67694,-0.728995,0.995705,1,2,3,4
-0.058215,-0.676905,-0.725635,0.994265,1,2,3,4
-0.070815,-0.674415,-0.731265,0.997435,1,2,3,4
-0.10064,-0.66509,-0.74596,1.005045,1,2,3,4
-0.08456,-0.657515,-0.740635,0.994515,1,2,3,4
-0.06757,-0.660355,-0.742215,0.9959,1,2,3,4
-0.058805,-0.66316,-0.738475,0.99445,1,2,3,4
-0.064035,-0.660515,-0.738295,0.992895,1,2,3,4
-0.06346,-0.66334,-0.73526,0.99255,1,2,3,4
-0.06813,-0.71817,-0.68958,0.998925,1,2,3,4
-0.06069,-0.72115,-0.687445,0.998345,1,2,3,4
-0.06685,-0.718685,-0.690425,0.99897,1,2,3,4
-0.05886,-0.718315,-0.691375,0.99889,1,2,3,4
-0.06304,-0.721605,-0.687425,0.99873,1,2,3,4
-0.062855,-0.72061,-0.68826,0.998625,1,2,3,4
-0.066925,-0.7152,-0.69395,0.99895,1,2,3,4
-0.062805,-0.72229,-0.687555,0.9993,1,2,3,4
-0.070325,-0.71868,-0.69012,0.99904,1,2,3,4
-0.06426,-0.683905,-0.722245,0.996985,1,2,3,4
-0.05721,-0.678485,-0.726115,0.995705,1,2,3,4
-0.054325,-0.67831,-0.72727,0.996425,1,2,3,4
-0.054955,-0.657625,-0.745135,0.996105,1,2,3,4
-0.05494,-0.65568,-0.745805,0.99473,1,2,3,4
-0.05591,-0.65358,-0.748575,0.995355,1,2,3,4
-0.054345,-0.65281,-0.749415,0.99543,1,2,3,4
-0.05374,-0.653775,-0.74823,0.995175,1,2,3,4
-0.051985,-0.657185,-0.74572,0.99538,1,2,3,4
-0.051545,-0.657215,-0.746365,0.995845,1,2,3,4
-0.05143,-0.657605,-0.74535,0.995345,1,2,3,4
-0.05246,-0.65799,-0.74575,0.995935,1,2,3,4
-0.05763,-0.65436,-0.74853,0.995945,1,2,3,4
-0.05656,-0.656625,-0.746665,0.99598,1,2,3,4
-0.05393,-0.652095,-0.750965,0.996165,1,2,3,4
-0.045905,-0.588505,-0.805745,0.99921,1,2,3,4
-0.045055,-0.57241,-0.81953,1.00079,1,2,3,4
-0.0465,-0.58044,-0.812405,0.99969,1,2,3,4
-0.049455,-0.5791,-0.813235,0.9997,1,2,3,4
-0.047835,-0.57678,-0.812835,0.99821,1,2,3,4
-0.072235,-0.572465,-0.815545,0.999395,1,2,3,4
-0.06049,-0.57948,-0.809145,0.997655,1,2,3,4
-0.05612,-0.63734,-0.760875,0.995505,1,2,3,4
-0.055895,-0.663725,-0.740815,0.9964,1,2,3,4
-0.052515,-0.665665,-0.735955,0.99438,1,2,3,4
-0.060765,-0.6618,-0.741125,0.99602,1,2,3,4
-0.05919,-0.667465,-0.737815,0.996885,1,2,3,4
-0.034135,-0.6601,-0.74228,0.993985,1,2,3,4
-0.044505,-0.656345,-0.74482,0.99386,1,2,3,4
-0.05007,-0.65998,-0.740205,0.993035,1,2,3,4
-0.05347,-0.66094,-0.739355,0.9933,1,2,3,4
-0.05056,-0.65923,-0.73984,0.99235,1,2,3,4
-0.06467,-0.663025,-0.73665,0.99335,1,2,3,4
-0.069255,-0.662595,-0.73779,0.99436,1,2,3,4
-0.079875,-0.666225,-0.732615,0.994055,1,2,3,4
-0.077015,-0.665995,-0.733815,0.99407,1,2,3,4
-0.06827,-0.662695,-0.73688,0.993765,1,2,3,4
-0.073435,-0.65826,-0.74272,0.99529,1,2,3,4
-0.0651,-0.664055,-0.738365,0.995325,1,2,3,4
-0.066345,-0.660805,-0.74039,0.994725,1,2,3,4
-0.07467,-0.65617,-0.742905,0.99407,1,2,3,4
-0.0712,-0.65184,-0.746645,0.993805,1,2,3,4
-0.0793,-0.64975,-0.748555,0.99459,1,2,3,4
-0.07646,-0.65134,-0.74841,0.99531,1,2,3,4
-0.07789,-0.654185,-0.74315,0.99331,1,2,3,4
-0.08128,-0.675095,-0.72623,0.99503,1,2,3,4
-0.07309,-0.671345,-0.73182,0.996035,1,2,3,4
-0.079185,-0.70779,-0.698345,0.9978,1,2,3,4
-0.090525,-0.707135,-0.699015,0.99857,1,2,3,4
-0.08584,-0.707335,-0.698125,0.997705,1,2,3,4
-0.08338,-0.70852,-0.6974,0.99778,1,2,3,4
-0.087535,-0.70647,-0.700265,0.998655,1,2,3,4
-0.081865,-0.69966,-0.70641,0.99778,1,2,3,4
-0.08174,-0.71207,-0.695425,0.998715,1,2,3,4
-0.08075,-0.69751,-0.70873,0.99779,1,2,3,4
-0.079955,-0.682785,-0.721815,0.99689,1,2,3,4
-0.076285,-0.660075,-0.740395,0.99502,1,2,3,4
-0.078335,-0.66273,-0.739045,0.996665,1,2,3,4
-0.078615,-0.6451,-0.752275,0.994195,1,2,3,4
-0.07863,-0.646725,-0.75118,0.99437,1,2,3,4
-0.076665,-0.650265,-0.748685,0.994615,1,2,3,4
-0.076975,-0.65195,-0.747365,0.994795,1,2,3,4
-0.075865,-0.65787,-0.74336,0.99565,1,2,3,4
-0.078395,-0.65685,-0.74244,0.99446,1,2,3,4
-0.07856,-0.656245,-0.7435,0.99488,1,2,3,4
-0.07589,-0.65625,-0.743825,0.994925,1,2,3,4
-0.07681,-0.65725,-0.7439,0.995665,1,2,3,4
-0.081,-0.6568,-0.74473,0.99636,1,2,3,4
-0.08037,-0.659695,-0.74279,0.99675,1,2,3,4
-0.07866,-0.659605,-0.74229,0.99616,1,2,3,4
-0.07621,-0.66112,-0.74188,0.996715,1,2,3,4
-0.07382,-0.661815,-0.74154,0.99675,1,2,3,4
-0.06728,-0.66631,-0.737825,0.996525,1,2,3,4
-0.06009,-0.66879,-0.735795,0.996275,1,2,3,4
-0.062265,-0.670015,-0.734525,0.996255,1,2,3,4
-0.067515,-0.667005,-0.73714,0.99646,1,2,3,4
-0.067495,-0.66468,-0.7388,0.99611,1,2,3,4
-0.06477,-0.657105,-0.74589,0.996345,1,2,3,4
-0.06448,-0.597155,-0.800155,1.000775,1,2,3,4
-0.0663,-0.59205,-0.80358,1.000435,1,2,3,4
-0.07111,-0.592525,-0.801375,0.999285,1,2,3,4
-0.05407,-0.59047,-0.806555,1.001205,1,2,3,4
-0.055555,-0.59222,-0.8037,1.000055,1,2,3,4
-0.055425,-0.5898,-0.804375,0.999175,1,2,3,4
-0.06229,-0.589105,-0.80415,0.999,1,2,3,4
-0.073085,-0.65287,-0.746725,0.995205,1,2,3,4
-0.071875,-0.6693,-0.73395,0.996045,1,2,3,4
-0.061565,-0.66862,-0.734975,0.995735,1,2,3,4
-0.070835,-0.6528,-0.750825,0.997855,1,2,3,4
-0.064025,-0.606415,-0.78694,0.99578,1,2,3,4
-0.073835,-0.664505,-0.736375,0.99489,1,2,3,4
-0.07152,-0.666845,-0.732725,0.99347,1,2,3,4
-0.05499,-0.6667,-0.73535,0.99435,1,2,3,4
-0.06021,-0.666135,-0.73621,0.994865,1,2,3,4
-0.059805,-0.662055,-0.740445,0.99526,1,2,3,4
-0.05356,-0.65885,-0.74438,0.995885,1,2,3,4
-0.072215,-0.65635,-0.74511,0.995905,1,2,3,4
-0.079045,-0.65466,-0.744465,0.994655,1,2,3,4
-0.075495,-0.653265,-0.74204,0.99186,1,2,3,4
-0.078225,-0.65519,-0.74496,0.99554,1,2,3,4
-0.07168,-0.655765,-0.741,0.99251,1,2,3,4
-0.076935,-0.65803,-0.740115,0.99352,1,2,3,4
-0.077645,-0.659195,-0.74264,0.996245,1,2,3,4
-0.08677,-0.6746,-0.723085,0.993405,1,2,3,4
-0.079685,-0.674265,-0.72687,0.995515,1,2,3,4
-0.08381,-0.656705,-0.743315,0.995775,1,2,3,4
-0.06978,-0.65756,-0.74103,0.99361,1,2,3,4
-0.082075,-0.65522,-0.743955,0.9949,1,2,3,4
-0.07859,-0.65406,-0.74374,0.99371,1,2,3,4
-0.08634,-0.651195,-0.745685,0.99389,1,2,3,4
-0.084625,-0.642975,-0.753775,0.994685,1,2,3,4
-0.08086,-0.643775,-0.750195,0.991905,1,2,3,4
-0.079855,-0.64771,-0.74914,0.993775,1,2,3,4
-0.07341,-0.65113,-0.747615,0.994385,1,2,3,4
-0.092675,-0.6576,-0.7406,0.99512,1,2,3,4
-0.08819,-0.71272,-0.693225,0.998835,1,2,3,4
-0.07954,-0.71205,-0.693905,0.997585,1,2,3,4
-0.08485,-0.71399,-0.690305,0.99691,1,2,3,4
-0.077475,-0.72054,-0.68489,0.99729,1,2,3,4
-0.079715,-0.722285,-0.684155,0.99827,1,2,3,4
-0.08003,-0.707125,-0.69952,0.99815,1,2,3,4
-0.081705,-0.726065,-0.68293,1.00023,1,2,3,4
-0.073745,-0.71415,-0.694325,0.998965,1,2,3,4
-0.07166,-0.70322,-0.70401,0.997715,1,2,3,4
-0.06646,-0.67437,-0.73044,0.9965,1,2,3,4
-0.064595,-0.679445,-0.725635,0.997155,1,2,3,4
-0.056615,-0.65895,-0.743805,0.99542,1,2,3,4
-0.055275,-0.6623,-0.74131,0.99568,1,2,3,4
-0.05497,-0.665375,-0.738765,0.99584,1,2,3,4
-0.04918,-0.6678,-0.73584,0.995035,1,2,3,4
-0.05451,-0.668195,-0.736505,0.996065,1,2,3,4
-0.058525,-0.66835,-0.73685,0.99661,1,2,3,4
-0.0579,-0.66782,-0.73697,0.9963,1,2,3,4
-0.057805,-0.6694,-0.73539,0.996185,1,2,3,4
-0.05983,-0.667805,-0.736855,0.99634,1,2,3,4
-0.06285,-0.66547,-0.738215,0.99592,1,2,3,4
-0.06088,-0.668805,-0.73501,0.99569,1,2,3,4
-0.062195,-0.66873,-0.735465,0.996055,1,2,3,4
-0.060105,-0.668365,-0.735715,0.995835,1,2,3,4
-0.05507,-0.669725,-0.735755,0.996495,1,2,3,4
-0.05472,-0.66462,-0.739645,0.995925,1,2,3,4
-0.04984,-0.66232,-0.742345,0.996135,1,2,3,4
-0.052585,-0.660305,-0.7439,0.996115,1,2,3,4
-0.049165,-0.662065,-0.741715,0.99546,1,2,3,4
-0.04981,-0.66108,-0.743385,0.99613,1,2,3,4
-0.052735,-0.657655,-0.74557,0.9957,1,2,3,4
-0.04399,-0.600225,-0.796545,0.998775,1,2,3,4
-0.042025,-0.59286,-0.804785,1.000515,1,2,3,4
-0.04571,-0.595235,-0.80176,0.999685,1,2,3,4
-0.04399,-0.598395,-0.79963,0.99985,1,2,3,4
-0.046505,-0.601815,-0.797705,1.00049,1,2,3,4
-0.05023,-0.60241,-0.79085,0.995635,1,2,3,4
-0.04951,-0.60609,-0.789605,0.99688,1,2,3,4
-0.04615,-0.61395,-0.78625,0.999265,1,2,3,4
-0.04106,-0.63567,-0.764735,0.99637,1,2,3,4
-0.068605,-0.662135,-0.748125,1.001755,1,2,3,4
-0.0386,-0.66117,-0.746285,0.99807,1,2,3,4
-0.053655,-0.66533,-0.737825,0.995115,1,2,3,4
-0.065405,-0.665625,-0.735025,0.99424,1,2,3,4
-0.08728,-0.66407,-0.73647,0.99601,1,2,3,4
-0.06451,-0.66343,-0.738565,0.99503,1,2,3,4
-0.05928,-0.664595,-0.73794,0.99506,1,2,3,4
-0.060425,-0.66673,-0.737925,0.99658,1,2,3,4
-0.05647,-0.66607,-0.735015,0.99503,1,2,3,4
-0.059705,-0.714715,-0.69888,1.00262,1,2,3,4
-0.06036,-0.716945,-0.692605,0.99894,1,2,3,4
-0.05365,-0.718735,-0.69118,0.998745,1,2,3,4
-0.052115,-0.721965,-0.688195,0.998945,1,2,3,4
-0.059735,-0.71619,-0.69356,0.998925,1,2,3,4
-0.053865,-0.71924,-0.69015,0.99842,1,2,3,4
-0.054275,-0.71747,-0.69182,0.9983,1,2,3,4
-0.051735,-0.716645,-0.69331,0.998655,1,2,3,4
-0.044115,-0.71537,-0.694665,0.9983,1,2,3,4
-0.04455,-0.71779,-0.69403,0.999555,1,2,3,4
-0.03789,-0.696705,-0.712675,0.99765,1,2,3,4
-0.03497,-0.6877,-0.720355,0.996825,1,2,3,4
-0.02272,-0.66956,-0.736975,0.9964,1,2,3,4
-0.02549,-0.658995,-0.745065,0.995995,1,2,3,4
-0.027745,-0.66495,-0.739155,0.99478,1,2,3,4
-0.02423,-0.672195,-0.733715,0.99554,1,2,3,4
-0.03009,-0.662955,-0.741655,0.995345,1,2,3,4
-0.03112,-0.667915,-0.73727,0.99534,1,2,3,4
-0.034415,-0.66668,-0.737865,0.995075,1,2,3,4
-0.03473,-0.66548,-0.739755,0.995705,1,2,3,4
-0.02967,-0.666035,-0.73885,0.99528,1,2,3,4
-0.026745,-0.666415,-0.738885,0.995445,1,2,3,4
-0.02521,-0.666885,-0.73833,0.9953,1,2,3,4
-0.028315,-0.665935,-0.73943,0.995515,1,2,3,4
-0.02881,-0.664115,-0.741205,0.99566,1,2,3,4
-0.03089,-0.658565,-0.74621,0.99584,1,2,3,4
-0.027955,-0.66403,-0.74105,0.99552,1,2,3,4
-0.02918,-0.623395,-0.777715,0.997735,1,2,3,4
-0.02708,-0.594195,-0.8053,1.00127,1,2,3,4
-0.028875,-0.604515,-0.796025,1.0001,1,2,3,4
-0.02223,-0.606625,-0.79406,0.9996,1,2,3,4
-0.02031,-0.604705,-0.795905,0.999905,1,2,3,4
-0.018035,-0.606045,-0.79619,1.001,1,2,3,4
-0.01755,-0.602565,-0.80577,1.00654,1,2,3,4
-0.014785,-0.598055,-0.80251,1.00111,1,2,3,4
-0.018935,-0.637195,-0.7658,0.997425,1,2,3,4
-0.02925,-0.67753,-0.728145,0.995295,1,2,3,4
-0.035175,-0.680045,-0.72615,0.99592,1,2,3,4
-0.031345,-0.68141,-0.72325,0.994415,1,2,3,4
-0.052995,-0.721985,-0.68657,0.99858,1,2,3,4
-0.0331,-0.673255,-0.73047,0.99417,1,2,3,4
-0.03155,-0.675395,-0.7299,0.995075,1,2,3,4
-0.023635,-0.67348,-0.73109,0.99442,1,2,3,4
-0.04601,-0.67012,-0.735725,0.99653,1,2,3,4
-0.04905,-0.674495,-0.729115,0.994655,1,2,3,4
-0.04251,-0.681355,-0.72351,0.99486,1,2,3,4
-0.04382,-0.68365,-0.721535,0.995085,1,2,3,4
-0.043915,-0.680525,-0.72474,0.99525,1,2,3,4
-0.04336,-0.67893,-0.726975,0.995755,1,2,3,4
-0.0455,-0.679355,-0.72657,0.995845,1,2,3,4
-0.04196,-0.682925,-0.716365,0.990725,1,2,3,4
-0.046665,-0.69145,-0.709355,0.9918,1,2,3,4
-0.048475,-0.692335,-0.71444,0.99619,1,2,3,4
-0.04811,-0.688015,-0.718255,0.9959,1,2,3,4
-0.05213,-0.68929,-0.716135,0.99538,1,2,3,4
-0.04852,-0.686155,-0.71964,0.99559,1,2,3,4
-0.044645,-0.687915,-0.71878,0.995985,1,2,3,4
-0.04677,-0.68535,-0.720245,0.9954,1,2,3,4
-0.04957,-0.710085,-0.697805,0.997655,1,2,3,4
-0.044235,-0.732815,-0.678225,0.999605,1,2,3,4
-0.04096,-0.724065,-0.686095,0.998485,1,2,3,4
-0.038425,-0.72359,-0.68726,0.998785,1,2,3,4
-0.03699,-0.724375,-0.686005,0.99848,1,2,3,4
-0.032325,-0.709625,-0.698695,0.99665,1,2,3,4
-0.0335,-0.703245,-0.705315,0.99674,1,2,3,4
-0.03649,-0.69079,-0.716465,0.996375,1,2,3,4
-0.032725,-0.67551,-0.731705,0.996755,1,2,3,4
-0.03044,-0.678195,-0.728325,0.99575,1,2,3,4
-0.03083,-0.6769,-0.72901,0.99532,1,2,3,4
-0.030905,-0.67513,-0.73079,0.99548,1,2,3,4
-0.027915,-0.676145,-0.72991,0.995405,1,2,3,4
-0.02922,-0.678205,-0.728215,0.995625,1,2,3,4
-0.034935,-0.67614,-0.72918,0.99511,1,2,3,4
-0.0328,-0.679245,-0.72733,0.99578,1,2,3,4
-0.03175,-0.684355,-0.72321,0.996315,1,2,3,4
-0.03561,-0.6815,-0.724485,0.995375,1,2,3,4
-0.032625,-0.67899,-0.72686,0.99528,1,2,3,4
-0.032985,-0.68144,-0.725385,0.99583,1,2,3,4
-0.0377,-0.68335,-0.722865,0.995465,1,2,3,4
-0.039025,-0.68075,-0.724165,0.994735,1,2,3,4
-0.032875,-0.638075,-0.76571,0.99797,1,2,3,4
-0.029995,-0.603195,-0.798135,1.000955,1,2,3,4
-0.026885,-0.60932,-0.791705,0.999495,1,2,3,4
-0.02678,-0.608495,-0.792665,0.999785,1,2,3,4
-0.029635,-0.60597,-0.7943,0.999645,1,2,3,4
-0.02905,-0.605245,-0.79475,0.999615,1,2,3,4
-0.03119,-0.60985,-0.789165,0.9981,1,2,3,4
-0.02809,-0.61255,-0.78721,0.99801,1,2,3,4
-0.032855,-0.62044,-0.78064,0.997805,1,2,3,4
-0.032275,-0.658155,-0.74565,0.995765,1,2,3,4
-0.046755,-0.679885,-0.724205,0.994585,1,2,3,4
-0.044815,-0.67954,-0.72565,0.995245,1,2,3,4
-0.043315,-0.67979,-0.724445,0.99448,1,2,3,4
-0.0184,-0.675425,-0.73006,0.994875,1,2,3,4
-0.02143,-0.670465,-0.733645,0.99419,1,2,3,4
-0.050735,-0.66891,-0.734825,0.99512,1,2,3,4
-0.041425,-0.666565,-0.738615,0.99598,1,2,3,4
-0.042415,-0.66982,-0.733305,0.994265,1,2,3,4
-0.046655,-0.67067,-0.732255,0.99421,1,2,3,4
-0.06645,-0.672975,-0.73094,0.996,1,2,3,4
-0.0465,-0.67018,-0.73349,0.994855,1,2,3,4
-0.041825,-0.67941,-0.7295,0.998235,1,2,3,4
-0.04803,-0.67737,-0.727285,0.995325,1,2,3,4
-0.052165,-0.69497,-0.71114,0.99631,1,2,3,4
-0.052525,-0.722425,-0.68474,0.99692,1,2,3,4
-0.05214,-0.71521,-0.69212,0.99682,1,2,3,4
-0.04767,-0.7129,-0.69639,0.9978,1,2,3,4
-0.043915,-0.711435,-0.695835,0.996245,1,2,3,4
-0.04591,-0.712405,-0.69592,0.99706,1,2,3,4
-0.04815,-0.710095,-0.69987,0.99831,1,2,3,4
-0.050845,-0.7065,-0.70284,0.99797,1,2,3,4
-0.04984,-0.706585,-0.703695,0.998565,1,2,3,4
-0.0492,-0.71136,-0.700005,0.99939,1,2,3,4
-0.046615,-0.690535,-0.718415,0.99779,1,2,3,4
-0.04655,-0.690285,-0.71693,0.99645,1,2,3,4
-0.04336,-0.664665,-0.74005,0.995805,1,2,3,4
-0.042475,-0.66218,-0.742345,0.9967,1,2,3,4
-0.042405,-0.65152,-0.75006,0.99446,1,2,3,4
-0.042125,-0.65475,-0.748805,0.995685,1,2,3,4
-0.04084,-0.656725,-0.745565,0.994435,1,2,3,4
-0.040175,-0.658705,-0.74462,0.99505,1,2,3,4
-0.04069,-0.657715,-0.74695,0.99621,1,2,3,4
-0.04262,-0.65882,-0.743925,0.99469,1,2,3,4
-0.043265,-0.659555,-0.744155,0.995345,1,2,3,4
-0.04625,-0.65868,-0.744905,0.995505,1,2,3,4
-0.045795,-0.66109,-0.7423,0.99511,1,2,3,4
-0.04449,-0.662915,-0.741475,0.99573,1,2,3,4
-0.04319,-0.663725,-0.741145,0.99593,1,2,3,4
-0.04252,-0.662525,-0.74167,0.99546,1,2,3,4
-0.04206,-0.661855,-0.742285,0.99544,1,2,3,4
-0.04374,-0.66003,-0.743655,0.995335,1,2,3,4
-0.037545,-0.617315,-0.781675,0.99753,1,2,3,4
-0.033065,-0.58127,-0.81146,0.99885,1,2,3,4
-0.02614,-0.583955,-0.81011,0.999125,1,2,3,4
-0.028505,-0.585345,-0.8105,1.00031,1,2,3,4
-0.0266,-0.586,-0.80806,0.99867,1,2,3,4
-0.028685,-0.58752,-0.809065,1.00052,1,2,3,4
-0.0233,-0.58718,-0.80778,0.999085,1,2,3,4
-0.0338,-0.601475,-0.79749,1.00029,1,2,3,4
-0.03908,-0.672585,-0.73201,0.995695,1,2,3,4
-0.040405,-0.675705,-0.728355,0.99468,1,2,3,4
-0.04393,-0.673455,-0.73158,0.99547,1,2,3,4
-0.040765,-0.674275,-0.730335,0.994905,1,2,3,4
-0.040825,-0.673545,-0.73161,0.99571,1,2,3,4
-0.04433,-0.67193,-0.733375,0.99622,1,2,3,4
-0.03721,-0.67059,-0.73411,0.99544,1,2,3,4
-0.04636,-0.66808,-0.737015,0.99603,1,2,3,4
-0.03535,-0.671135,-0.733725,0.995115,1,2,3,4
-0.048625,-0.672365,-0.732,0.99541,1,2,3,4
-0.046155,-0.669455,-0.734455,0.99508,1,2,3,4
-0.046055,-0.66989,-0.734275,0.99513,1,2,3,4
-0.04392,-0.66859,-0.73596,0.995385,1,2,3,4
-0.048025,-0.666105,-0.741145,0.997775,1,2,3,4
-0.055735,-0.666655,-0.73881,0.99698,1,2,3,4
-0.040075,-0.643945,-0.758085,0.996005,1,2,3,4
-0.03499,-0.602845,-0.793685,0.99747,1,2,3,4
-0.03394,-0.640435,-0.762045,0.996455,1,2,3,4
-0.040345,-0.658925,-0.74306,0.994125,1,2,3,4
-0.045865,-0.66685,-0.739395,0.99696,1,2,3,4
-0.04687,-0.68385,-0.721595,0.99594,1,2,3,4
-0.04946,-0.69772,-0.70454,0.993315,1,2,3,4
-0.042095,-0.72988,-0.67339,0.995455,1,2,3,4
-0.060785,-0.72862,-0.683915,1.001975,1,2,3,4
-0.055715,-0.726285,-0.68103,0.997355,1,2,3,4
-0.049545,-0.725025,-0.68648,0.999815,1,2,3,4
-0.04606,-0.722765,-0.68629,0.99782,1,2,3,4
-0.04423,-0.72553,-0.683765,0.99799,1,2,3,4
-0.04391,-0.7249,-0.68464,0.998145,1,2,3,4
-0.04625,-0.71748,-0.69228,0.99827,1,2,3,4
-0.04564,-0.729885,-0.681095,0.999405,1,2,3,4
-0.046595,-0.717655,-0.69166,0.99797,1,2,3,4
-0.042375,-0.69439,-0.712895,0.996225,1,2,3,4
-0.03935,-0.67743,-0.72922,0.99633,1,2,3,4
-0.04039,-0.68694,-0.71971,0.996545,1,2,3,4
-0.033345,-0.66864,-0.7358,0.995035,1,2,3,4
-0.03131,-0.666465,-0.738805,0.995575,1,2,3,4
-0.03457,-0.664325,-0.740015,0.99511,1,2,3,4
-0.032865,-0.666435,-0.738565,0.99539,1,2,3,4
-0.032165,-0.667295,-0.73793,0.995495,1,2,3,4
-0.03219,-0.66565,-0.73971,0.995695,1,2,3,4
-0.03345,-0.667355,-0.7385,0.995995,1,2,3,4
-0.034185,-0.66897,-0.73541,0.99481,1,2,3,4
-0.03403,-0.667065,-0.738695,0.99591,1,2,3,4
-0.03502,-0.66628,-0.738035,0.99498,1,2,3,4
-0.034555,-0.666915,-0.73616,0.99401,1,2,3,4
-0.0348,-0.647035,-0.75546,0.99576,1,2,3,4
-0.02913,-0.591385,-0.805405,0.999765,1,2,3,4
-0.03318,-0.59166,-0.8046,0.999365,1,2,3,4
-0.029735,-0.592905,-0.804085,0.999545,1,2,3,4
-0.02946,-0.59296,-0.80341,0.99909,1,2,3,4
-0.021905,-0.58811,-0.809265,1.000835,1,2,3,4
-0.010095,-0.58801,-0.80625,0.998035,1,2,3,4
-0.013415,-0.59003,-0.801095,0.995265,1,2,3,4
-0.03357,-0.600605,-0.80095,1.002545,1,2,3,4
-0.067005,-0.62353,-0.78114,1.00329,1,2,3,4
-0.070915,-0.668015,-0.736745,0.99785,1,2,3,4
-0.056505,-0.667525,-0.73587,0.99567,1,2,3,4
-0.062585,-0.668475,-0.739875,0.999215,1,2,3,4
-0.05471,-0.66249,-0.73964,0.99467,1,2,3,4
-0.060375,-0.662785,-0.72828,0.98685,1,2,3,4
-0.058595,-0.670995,-0.736365,0.998075,1,2,3,4
-0.05835,-0.666465,-0.743695,1.00063,1,2,3,4
-0.06531,-0.66381,-0.73512,0.992955,1,2,3,4
-0.053195,-0.66665,-0.73696,0.99543,1,2,3,4
-0.05498,-0.672145,-0.73385,0.99724,1,2,3,4
-0.05566,-0.667325,-0.734745,0.994345,1,2,3,4
-0.04852,-0.679055,-0.728365,0.997395,1,2,3,4
-0.04668,-0.68082,-0.72909,0.999255,1,2,3,4
-0.046885,-0.70533,-0.70834,1.00129,1,2,3,4
-0.04315,-0.714645,-0.693655,0.99741,1,2,3,4
-0.04351,-0.716755,-0.69722,1.000995,1,2,3,4
-0.0442,-0.71224,-0.69662,0.997355,1,2,3,4
-0.04093,-0.711845,-0.69997,0.99923,1,2,3,4
-0.043055,-0.710555,-0.700285,0.99874,1,2,3,4
-0.04133,-0.710595,-0.700235,0.9986,1,2,3,4
-0.04033,-0.712175,-0.69876,0.99863,1,2,3,4
-0.04371,-0.713485,-0.698545,0.99952,1,2,3,4
-0.040895,-0.71365,-0.696955,0.99847,1,2,3,4
-0.04019,-0.69218,-0.71525,0.99635,1,2,3,4
-0.040685,-0.683975,-0.723285,0.996575,1,2,3,4
-0.04003,-0.675315,-0.730945,0.99636,1,2,3,4
-0.04079,-0.65235,-0.750165,0.99554,1,2,3,4
-0.039695,-0.654345,-0.74825,0.994825,1,2,3,4
-0.038335,-0.65728,-0.746105,0.99513,1,2,3,4
-0.039185,-0.65889,-0.74458,0.995045,1,2,3,4
-0.040645,-0.6585,-0.745255,0.99538,1,2,3,4
-0.040435,-0.65857,-0.744725,0.995025,1,2,3,4
-0.03828,-0.65902,-0.745165,0.99557,1,2,3,4
-0.04243,-0.6579,-0.745355,0.99515,1,2,3,4
-0.04723,-0.66086,-0.74364,0.996025,1,2,3,4
-0.04858,-0.66106,-0.74075,0.99403,1,2,3,4
-0.049054054,-0.660891892,-0.746216216,0.998108108,1,2,3,4
-0.043515,-0.751935,-0.109765,1.020955,1,2,3,4
-0.06085,-0.64607,0.73476,0.981015,1,2,3,4
-0.068655,-0.671755,0.765415,1.020925,1,2,3,4
-0.06851,-0.870325,0.163325,0.98676,1,2,3,4
-0.072525,-0.980405,-0.14215,0.993495,1,2,3,4
-0.06824,-0.99578,-0.15322,1.01008,1,2,3,4
-0.06158,-0.98828,-0.15662,1.00244,1,2,3,4
-0.06154,-1.0146,-0.14042,1.025835,1,2,3,4
-0.064165,-1.00493,-0.14641,1.0174,1,2,3,4
-0.064,-0.99303,-0.145,1.006025,1,2,3,4
-0.063755,-0.99194,-0.144085,1.004755,1,2,3,4
-0.06,-0.976,-0.13,0.986,1,2,3,4
-0.059865,-0.982385,-0.13256,0.99286,1,2,3,4
-0.053995,-0.987905,-0.147635,1.000815,1,2,3,4
-0.04358,-0.98506,-0.173165,1.001235,1,2,3,4
-0.046485,-0.98151,-0.188505,1.000545,1,2,3,4
-0.05176,-0.980055,-0.195215,1.000655,1,2,3,4
-0.047535,-0.97136,-0.22983,1.00003,1,2,3,4
-0.03766,-0.96983,-0.24189,1.000425,1,2,3,4
-0.03114,-0.954705,-0.29849,1.001575,1,2,3,4
-0.00664,-0.92855,-0.379955,1.00418,1,2,3,4
-0.008335,-0.934115,-0.36785,1.00413,1,2,3,4
-0.0126,-0.94502,-0.33833,1.00402,1,2,3,4
-0.00701,-0.95085,-0.32088,1.00375,1,2,3,4
-0.005265,-0.956105,-0.30812,1.004725,1,2,3,4
-0.01087,-0.955825,-0.296125,1.001075,1,2,3,4
-0.01208,-0.96139,-0.29085,1.00511,1,2,3,4
-0.01364,-0.972565,-0.25181,1.005135,1,2,3,4
-0.01528,-0.985075,-0.16587,1.001515,1,2,3,4
-0.019735,-0.999305,-0.08133,1.0033,1,2,3,4
0.00267,-1.00087,-0.08372,1.004715,1,2,3,4
0.012385,-0.999795,-0.08965,1.003915,1,2,3,4
0.007635,-0.99582,-0.09141,1.00016,1,2,3,4
-0.00469,-0.99756,-0.085345,1.001305,1,2,3,4
-0.00788,-0.99958,-0.08485,1.003285,1,2,3,4
-0.035715,-0.997685,-0.07701,1.00142,1,2,3,4
-0.051895,-0.997525,-0.066085,1.00127,1,2,3,4
-0.040525,-0.99807,-0.073825,1.001805,1,2,3,4
-0.04115,-0.99875,-0.071855,1.002305,1,2,3,4
-0.04588,-0.99738,-0.06776,1.000875,1,2,3,4
-0.046605,-0.997675,-0.06948,1.00134,1,2,3,4
-0.05774,-0.997935,-0.073515,1.002405,1,2,3,4
-0.075915,-0.99607,-0.072565,1.001695,1,2,3,4
-0.0782,-0.99756,-0.05077,1.002375,1,2,3,4
-0.08208,-0.997745,-0.03868,1.00192,1,2,3,4
-0.074365,-0.997275,-0.0279,1.000865,1,2,3,4
-0.07344,-1.00365,0.00223,1.006605,1,2,3,4
-0.07599,-1.002925,0.009045,1.006015,1,2,3,4
-0.07562,-1.001875,0.01802,1.005045,1,2,3,4
-0.0807,-1.00206,0.01954,1.00559,1,2,3,4
-0.07974,-1.00239,0.02138,1.005915,1,2,3,4
-0.065135,-1.003,0.004245,1.00515,1,2,3,4
-0.06452,-1.001305,0.011735,1.00356,1,2,3,4
-0.05508,-1.002935,-0.004405,1.00488,1,2,3,4
-0.03811,-1.00479,-0.02951,1.00579,1,2,3,4
-0.04235,-0.99955,-0.020825,1.00055,1,2,3,4
-0.041635,-1.002275,-0.025285,1.00332,1,2,3,4
-0.05061,-1.00517,-0.03047,1.00717,1,2,3,4
-0.05832,-1.01566,-0.04764,1.01849,1,2,3,4
-0.05876,-1.015655,-0.04863,1.018635,1,2,3,4
-0.044475,-0.993975,-0.027825,0.995425,1,2,3,4
-0.04202,-0.983705,-0.011275,0.984705,1,2,3,4
-0.04107,-0.98705,-0.01099,0.98807,1,2,3,4
-0.040305,-1.00073,-0.032045,1.002165,1,2,3,4
-0.0326,-1.000225,-0.044165,1.002005,1,2,3,4
-0.04371,-1.00013,-0.038365,1.00185,1,2,3,4
-0.04279,-1.00046,-0.038305,1.002115,1,2,3,4
-0.04057,-1.00007,-0.03833,1.001675,1,2,3,4
-0.041125,-1.000345,-0.036935,1.001875,1,2,3,4
-0.04095,-1.00059,-0.03736,1.00218,1,2,3,4
-0.041275,-1.00017,-0.038755,1.00181,1,2,3,4
-0.0458,-1.00022,-0.03724,1.00204,1,2,3,4
-0.047815,-1.000265,-0.03629,1.00207,1,2,3,4
-0.04732,-1.0002,-0.035065,1.00199,1,2,3,4
-0.04794,-0.99992,-0.0369,1.0018,1,2,3,4
-0.050595,-0.99983,-0.039165,1.00192,1,2,3,4
-0.05187,-0.9997,-0.04021,1.00192,1,2,3,4
-0.040785,-0.9967,-0.109125,1.004055,1,2,3,4
-0.03298,-0.99575,-0.14017,1.006185,1,2,3,4
-0.036155,-0.99711,-0.127675,1.006015,1,2,3,4
-0.04194,-0.997215,-0.12652,1.006235,1,2,3,4
-0.04363,-0.99738,-0.126405,1.00646,1,2,3,4
-0.04501,-0.99793,-0.1254,1.007025,1,2,3,4
-0.052965,-0.9989,-0.126135,1.008685,1,2,3,4
-0.059195,-0.994345,-0.111555,1.00327,1,2,3,4
-0.090925,-0.996775,-0.016365,1.001655,1,2,3,4
-0.08846,-0.999015,-0.013095,1.003305,1,2,3,4
-0.099165,-0.996555,-0.020935,1.001825,1,2,3,4
-0.09175,-0.996925,-0.03537,1.001845,1,2,3,4
-0.09286,-0.995735,-0.045685,1.0014,1,2,3,4
-0.09572,-0.99608,-0.04597,1.00219,1,2,3,4
-0.094595,-0.99512,-0.043095,1.00075,1,2,3,4
-0.099935,-0.99759,-0.0452,1.003745,1,2,3,4
-0.098625,-0.99691,-0.04756,1.003105,1,2,3,4
-0.107795,-0.991915,-0.04414,0.99881,1,2,3,4
-0.12544,-0.99435,-0.04399,1.00334,1,2,3,4
-0.104955,-0.998765,-0.04305,1.005415,1,2,3,4
-0.020015,-1.00402,-0.07102,1.00652,1,2,3,4
-0.03486,-1.00267,-0.055865,1.004875,1,2,3,4
-0.046795,-1.0005,-0.062695,1.0035,1,2,3,4
-0.039,-1.006,-0.067,1.009,1,2,3,4
-0.02463,-1.00222,-0.05478,1.004045,1,2,3,4
-0.02667,-1.00546,-0.05468,1.00746,1,2,3,4
-0.02186,-1.00358,-0.07094,1.00657,1,2,3,4
-0.029455,-1.00187,-0.066855,1.00456,1,2,3,4
-0.034445,-1.00128,-0.059725,1.003685,1,2,3,4
-0.03779,-1.002695,-0.057005,1.00516,1,2,3,4
-0.03369,-1.002735,-0.051625,1.004735,1,2,3,4
-0.035045,-1.00032,-0.071145,1.003765,1,2,3,4
-0.039675,-1.00258,-0.056155,1.00504,1,2,3,4
-0.03825,-1.00205,-0.054565,1.00441,1,2,3,4
-0.035415,-0.99896,-0.081655,1.003125,1,2,3,4
-0.033635,-0.997435,-0.087985,1.00213,1,2,3,4
-0.03428,-0.994465,-0.11388,1.00164,1,2,3,4
-0.03428,-0.99595,-0.099515,1.002305,1,2,3,4
-0.03561,-0.99403,-0.113485,1.00121,1,2,3,4
-0.0378,-0.995205,-0.1057,1.00163,1,2,3,4
-0.039675,-0.9939,-0.114335,1.00126,1,2,3,4
-0.038305,-0.994175,-0.111585,1.001175,1,2,3,4
-0.03818,-0.99459,-0.111935,1.001625,1,2,3,4
-0.038215,-0.994095,-0.11373,1.001385,1,2,3,4
-0.03795,-0.993835,-0.11521,1.00126,1,2,3,4
-0.036995,-0.994275,-0.1143,1.001545,1,2,3,4
-0.03237,-0.99415,-0.11152,1.001245,1,2,3,4
-0.054545,-0.992705,-0.114695,1.00095,1,2,3,4
-0.0573,-0.992755,-0.116205,1.00122,1,2,3,4
-0.05807,-0.993255,-0.113585,1.00145,1,2,3,4
-0.059705,-0.993405,-0.11139,1.00141,1,2,3,4
-0.061655,-0.9912,-0.127445,1.001645,1,2,3,4
-0.06035,-0.979055,-0.220595,1.005675,1,2,3,4
-0.06181,-0.9792,-0.221015,1.00586,1,2,3,4
-0.06263,-0.98003,-0.217555,1.005995,1,2,3,4
-0.06395,-0.977845,-0.22112,1.00482,1,2,3,4
-0.0534,-0.97893,-0.22222,1.005535,1,2,3,4
-0.028965,-0.98612,-0.18789,1.004865,1,2,3,4
-0.036865,-0.98553,-0.183805,1.003315,1,2,3,4
-0.05948,-0.988165,-0.178815,1.006655,1,2,3,4
-0.093125,-0.99149,-0.168485,1.01081,1,2,3,4
-0.09717,-0.99349,-0.102415,1.00442,1,2,3,4
-0.09273,-0.99535,-0.099015,1.004885,1,2,3,4
-0.09479,-0.994485,-0.101615,1.004365,1,2,3,4
-0.093625,-0.994105,-0.10441,1.004155,1,2,3,4
-0.088085,-0.98633,-0.100455,0.99559,1,2,3,4
-0.093105,-0.993525,-0.09564,1.00259,1,2,3,4
-0.09575,-0.993735,-0.10272,1.00388,1,2,3,4
-0.08682,-0.993905,-0.10247,1.003485,1,2,3,4
-0.08693,-0.991455,-0.1066,1.00113,1,2,3,4
-0.08754,-0.987075,-0.1372,1.00153,1,2,3,4
-0.106225,-0.98434,-0.153435,1.002045,1,2,3,4
-0.10113,-0.986335,-0.14555,1.002555,1,2,3,4
-0.10069,-0.988475,-0.13674,1.00344,1,2,3,4
-0.091405,-0.99723,-0.115245,1.008885,1,2,3,4
-0.09413,-0.997965,-0.072755,1.005395,1,2,3,4
-0.09202,-0.996175,-0.07937,1.00378,1,2,3,4
-0.096195,-0.997,-0.0799,1.005085,1,2,3,4
-0.098055,-0.99621,-0.08028,1.004515,1,2,3,4
-0.0957,-0.99644,-0.08332,1.00466,1,2,3,4
-0.101165,-0.997005,-0.07992,1.005475,1,2,3,4
-0.10212,-0.99564,-0.08281,1.00442,1,2,3,4
-0.099595,-0.993045,-0.10476,1.00372,1,2,3,4
-0.100665,-0.997335,-0.07542,1.00535,1,2,3,4
-0.10036,-0.99093,-0.11415,1.00273,1,2,3,4
-0.10088,-0.991165,-0.11574,1.003115,1,2,3,4
-0.095725,-0.982895,-0.162645,1.001055,1,2,3,4
-0.10148,-0.98462,-0.150885,1.002045,1,2,3,4
-0.09962,-0.981305,-0.16952,1.001315,1,2,3,4
-0.098015,-0.981235,-0.170905,1.000815,1,2,3,4
-0.096735,-0.98144,-0.171385,1.001,1,2,3,4
-0.089895,-0.98283,-0.16873,1.001465,1,2,3,4
-0.07938,-0.98295,-0.168385,1.00091,1,2,3,4
-0.078475,-0.98244,-0.17413,1.00085,1,2,3,4
-0.087,-0.98116,-0.17694,1.00078,1,2,3,4
-0.08649,-0.98082,-0.18021,1.001,1,2,3,4
-0.08877,-0.979695,-0.18418,1.000855,1,2,3,4
-0.089205,-0.979565,-0.185665,1.000975,1,2,3,4
-0.04468,-0.97662,-0.21316,1.000925,1,2,3,4
-0.045586207,-0.979551724,-0.19962069,1.000793103,1,2,3,4
0.102805,-0.326475,-0.924695,0.998335,1,2,3,4
-0.05565,-0.51379,-0.84687,0.996105,1,2,3,4
-0.042475,-0.542115,-0.83394,0.99581,1,2,3,4
-0.00583,-0.48638,-0.86981,0.997025,1,2,3,4
0.00247,-0.46593,-0.8805,0.99634,1,2,3,4
-0.00223,-0.467245,-0.878835,0.99545,1,2,3,4
-0.006745,-0.46403,-0.881015,0.995815,1,2,3,4
-0.008355,-0.43277,-0.893515,0.993315,1,2,3,4
0.016665,-0.42193,-0.901245,0.996435,1,2,3,4
-0.342965,-0.29162,-0.71952,0.99561,1,2,3,4
-0.964845,0.108395,-0.14218,1.008045,1,2,3,4
-0.75864,0.05692,-0.50478,1.0062,1,2,3,4
-0.167545,-0.24388,-0.94541,0.997585,1,2,3,4
-0.043635,-0.196615,-0.967965,0.997475,1,2,3,4
-0.021235,-0.328435,-0.93361,0.990915,1,2,3,4
-0.005575,-0.338775,-0.930535,0.990565,1,2,3,4
0.020075,-0.34371,-0.927975,0.99102,1,2,3,4
0.106335,-0.33941,-0.929055,0.99529,1,2,3,4
0.0327,-0.343145,-0.92182,0.984835,1,2,3,4
0.018675,-0.319395,-0.927945,0.981715,1,2,3,4
0.008975,-0.31113,-0.946635,0.99699,1,2,3,4
0.005315,-0.31483,-0.9445,0.99641,1,2,3,4
0.00099,-0.302025,-0.950395,0.99791,1,2,3,4
-0.01343,-0.313925,-0.94527,0.99666,1,2,3,4
0.00073,-0.302085,-0.94847,0.99598,1,2,3,4
-0.003285,-0.294565,-0.950595,0.995515,1,2,3,4
-0.008855,-0.282515,-0.952075,0.99337,1,2,3,4
-0.02467,-0.27613,-0.95278,0.99276,1,2,3,4
-0.015715,-0.260155,-0.95889,0.994025,1,2,3,4
0.004865,-0.25888,-0.94424,0.979225,1,2,3,4
-0.00824,-0.27731,-0.94503,0.985585,1,2,3,4
-0.0038,-0.29645,-0.94409,0.98974,1,2,3,4
0.004035,-0.281435,-0.954455,0.995325,1,2,3,4
-0.053495,-0.272255,-0.96734,1.00815,1,2,3,4
-0.019875,-0.285255,-0.95333,0.995515,1,2,3,4
-0.026045,-0.289325,-0.946085,0.98981,1,2,3,4
-0.026065,-0.2922,-0.944675,0.989315,1,2,3,4
-0.017915,-0.29313,-0.9446,0.98937,1,2,3,4
-0.00807,-0.302145,-0.94473,0.99206,1,2,3,4
-0.006955,-0.310315,-0.94154,0.991485,1,2,3,4
-0.011155,-0.308755,-0.9399,0.989865,1,2,3,4
-0.003705,-0.30748,-0.93981,0.989315,1,2,3,4
-0.020565,-0.29319,-0.94465,0.989655,1,2,3,4
-0.01969,-0.274115,-0.9525,0.991515,1,2,3,4
-0.034205,-0.24782,-0.959715,0.994245,1,2,3,4
-0.04719,-0.2559,-0.957305,0.99256,1,2,3,4
-0.049325,-0.27894,-0.950505,0.99213,1,2,3,4
-0.06282,-0.2603,-0.95607,0.9932,1,2,3,4
-0.06251,-0.239465,-0.95768,0.99084,1,2,3,4
0.06213,-0.20669,-0.969555,0.997375,1,2,3,4
0.093595,-0.242645,-0.954745,0.992225,1,2,3,4
0.11084,-0.190565,-0.966145,0.992345,1,2,3,4
0.06397,-0.187765,-0.969885,0.99277,1,2,3,4
0.035995,-0.246825,-0.959625,0.99262,1,2,3,4
0.049845,-0.243345,-0.957545,0.99086,1,2,3,4
0.169215,-0.206555,-0.92035,0.99259,1,2,3,4
-0.226565,-0.12999,-0.953675,1.001395,1,2,3,4
-0.256035,-0.042185,-0.94382,1.02342,1,2,3,4
0.14464,-0.35765,-0.980245,1.05964,1,2,3,4
0.02358,-0.40434,-0.782745,1.02926,1,2,3,4
-0.059855,-0.59346,-0.798705,1.00705,1,2,3,4
-0.033315,-0.5865,-0.799665,0.992,1,2,3,4
-0.032355,-0.602545,-0.798515,1.00081,1,2,3,4
-0.033575,-0.595485,-0.798655,0.99681,1,2,3,4
-0.04418,-0.60059,-0.79788,0.99947,1,2,3,4
-0.046385,-0.59995,-0.79887,1.000025,1,2,3,4
-0.03948,-0.59122,-0.80437,0.99908,1,2,3,4
-0.135225,-0.50768,-0.82832,0.996795,1,2,3,4
-0.22937,-0.62211,-0.68178,1.002985,1,2,3,4
-0.47701,-0.525495,-0.69225,1.004585,1,2,3,4
-0.36208,-0.505985,-0.77297,0.993385,1,2,3,4
-0.082625,-0.50399,-0.848995,0.998995,1,2,3,4
0.01367,-0.48963,-0.863055,0.99249,1,2,3,4
0.013535,-0.48625,-0.865545,0.99293,1,2,3,4
0.01628,-0.486905,-0.864735,0.992595,1,2,3,4
0.01598,-0.485705,-0.86562,0.99271,1,2,3,4
0.012115,-0.48134,-0.86814,0.99277,1,2,3,4
0.012905,-0.478805,-0.86897,0.992275,1,2,3,4
0.008955,-0.497045,-0.85809,0.99201,1,2,3,4
-0.00373,-0.552145,-0.8301,0.997045,1,2,3,4
-0.008925,-0.560325,-0.824905,0.99729,1,2,3,4
-0.00561,-0.55707,-0.82762,0.99771,1,2,3,4
-0.00456,-0.54906,-0.832115,0.997,1,2,3,4
0.00268,-0.541745,-0.835725,0.996025,1,2,3,4
0.004105,-0.538745,-0.837095,0.995575,1,2,3,4
-0.001925,-0.5313,-0.84197,0.99569,1,2,3,4
-0.01495,-0.52348,-0.84807,0.996945,1,2,3,4
-0.027245,-0.49672,-0.862295,0.99601,1,2,3,4
-0.02844,-0.42432,-0.89602,0.99209,1,2,3,4
-0.042625,-0.419195,-0.900315,0.99421,1,2,3,4
-0.048105,-0.41798,-0.899385,0.993025,1,2,3,4
-0.036185,-0.41223,-0.901475,0.992,1,2,3,4
-0.02581,-0.413485,-0.901835,0.99248,1,2,3,4
-0.016475,-0.41311,-0.909545,0.99922,1,2,3,4
-0.01156,-0.414675,-0.90435,0.995625,1,2,3,4
-0.019945,-0.411365,-0.90168,0.99152,1,2,3,4
-0.035245,-0.416745,-0.89971,0.99227,1,2,3,4
-0.02988,-0.41092,-0.900715,0.990645,1,2,3,4
-0.026965,-0.38194,-0.909255,0.98674,1,2,3,4
-0.025165,-0.382215,-0.915325,0.992425,1,2,3,4
-0.019525,-0.339675,-0.93443,0.994535,1,2,3,4
-0.01855,-0.34089,-0.932675,0.993265,1,2,3,4
-0.01581,-0.34473,-0.932995,0.99487,1,2,3,4
-0.021495,-0.34062,-0.93332,0.99387,1,2,3,4
-0.0205,-0.33498,-0.93575,0.994175,1,2,3,4
-0.02333,-0.33178,-0.936475,0.993895,1,2,3,4
-0.02091,-0.34926,-0.9304,0.99415,1,2,3,4
-0.021495,-0.33163,-0.93785,0.995015,1,2,3,4
-0.02329,-0.346215,-0.93058,0.99331,1,2,3,4
-0.03011,-0.361925,-0.92377,0.992595,1,2,3,4
-0.032515,-0.38377,-0.91403,0.991925,1,2,3,4
-0.033665,-0.39038,-0.911735,0.993075,1,2,3,4
-0.03524,-0.398595,-0.90694,0.991375,1,2,3,4
-0.035885,-0.40021,-0.907135,0.992185,1,2,3,4
-0.035855,-0.40019,-0.90714,0.99214,1,2,3,4
-0.03597,-0.39848,-0.90753,0.99186,1,2,3,4
-0.03557,-0.396575,-0.90936,0.99273,1,2,3,4
-0.03648,-0.39667,-0.9109,0.99424,1,2,3,4
-0.037535,-0.39477,-0.910475,0.993095,1,2,3,4
-0.03759,-0.39624,-0.909515,0.99282,1,2,3,4
-0.037785,-0.395025,-0.909665,0.992475,1,2,3,4
-0.02751,-0.40181,-0.905415,0.991215,1,2,3,4
-0.02888,-0.4047,-0.90508,0.99192,1,2,3,4
-0.029925,-0.397475,-0.90817,0.991825,1,2,3,4
-0.029405,-0.39751,-0.907875,0.99154,1,2,3,4
-0.029925,-0.396025,-0.90855,0.99155,1,2,3,4
-0.03188,-0.390825,-0.91083,0.991715,1,2,3,4
-0.03735,-0.41067,-0.902145,0.99232,1,2,3,4
-0.046825,-0.477045,-0.873935,0.996815,1,2,3,4
-0.048695,-0.48077,-0.871945,0.996855,1,2,3,4
-0.04664,-0.48057,-0.87173,0.99656,1,2,3,4
-0.047675,-0.47823,-0.872915,0.996545,1,2,3,4
-0.048655,-0.47494,-0.87279,0.994855,1,2,3,4
-0.043735,-0.4744,-0.875805,0.997105,1,2,3,4
-0.04882,-0.47026,-0.87486,0.994645,1,2,3,4
-0.047105,-0.47119,-0.875595,0.995575,1,2,3,4
-0.04631,-0.45236,-0.883245,0.993905,1,2,3,4
-0.043265,-0.380825,-0.913235,0.99064,1,2,3,4
-0.04061,-0.37424,-0.91539,0.99003,1,2,3,4
-0.051465,-0.379965,-0.920325,0.99715,1,2,3,4
-0.056175,-0.382085,-0.915185,0.99341,1,2,3,4
-0.06029,-0.379245,-0.913495,0.990965,1,2,3,4
-0.06042,-0.38127,-0.912345,0.99073,1,2,3,4
-0.058295,-0.380375,-0.913075,0.99092,1,2,3,4
-0.050825,-0.379245,-0.914635,0.991525,1,2,3,4
-0.04788,-0.37828,-0.91802,0.994175,1,2,3,4
-0.04135,-0.37531,-0.914525,0.98962,1,2,3,4
-0.0478,-0.372845,-0.917495,0.99162,1,2,3,4
-0.048085,-0.373265,-0.91722,0.991635,1,2,3,4
-0.05324,-0.372105,-0.91631,0.990525,1,2,3,4
-0.05267,-0.3773,-0.916415,0.99249,1,2,3,4
-0.04321,-0.376935,-0.916135,0.99168,1,2,3,4
-0.035295,-0.37628,-0.916435,0.991275,1,2,3,4
-0.038215,-0.376555,-0.91564,0.990945,1,2,3,4
-0.034895,-0.368225,-0.919475,0.99133,1,2,3,4
-0.03605,-0.35169,-0.924165,0.98956,1,2,3,4
-0.034915,-0.345,-0.92834,0.991205,1,2,3,4
-0.036515,-0.313335,-0.943105,0.99453,1,2,3,4
-0.04554,-0.31256,-0.941455,0.99319,1,2,3,4
-0.0454,-0.307875,-0.943,0.993085,1,2,3,4
-0.04654,-0.306445,-0.943785,0.993405,1,2,3,4
-0.048145,-0.301225,-0.945695,0.99372,1,2,3,4
-0.04751,-0.29759,-0.94748,0.994305,1,2,3,4
-0.05036,-0.312585,-0.941385,0.993285,1,2,3,4
-0.048995,-0.29498,-0.94831,0.994395,1,2,3,4
-0.05187,-0.312485,-0.94156,0.99352,1,2,3,4
-0.05594,-0.33014,-0.934175,0.99246,1,2,3,4
-0.058375,-0.34972,-0.926105,0.991775,1,2,3,4
-0.061965,-0.35713,-0.92297,0.9923,1,2,3,4
-0.063105,-0.37239,-0.917115,0.9918,1,2,3,4
-0.063985,-0.36906,-0.9186,0.992055,1,2,3,4
-0.09326,-0.373965,-0.913725,0.99202,1,2,3,4
-0.07038,-0.38753,-0.909155,0.99093,1,2,3,4
-0.07097,-0.404725,-0.903635,0.99412,1,2,3,4
-0.063685,-0.395365,-0.90705,0.991575,1,2,3,4
-0.06901,-0.39172,-0.90892,0.992195,1,2,3,4
-0.0737,-0.38653,-0.910545,0.99195,1,2,3,4
-0.07846,-0.38096,-0.912225,0.991715,1,2,3,4
-0.078035,-0.382075,-0.911865,0.99177,1,2,3,4
-0.07758,-0.38142,-0.911995,0.99157,1,2,3,4
-0.08147,-0.379235,-0.9158,0.994575,1,2,3,4
-0.08779,-0.37696,-0.914465,0.992995,1,2,3,4
-0.08726,-0.375905,-0.913895,0.99207,1,2,3,4
-0.09002,-0.370675,-0.916105,0.992355,1,2,3,4
-0.08955,-0.36846,-0.91464,0.990125,1,2,3,4
-0.087965,-0.374045,-0.913535,0.99106,1,2,3,4
-0.08903,-0.36979,-0.915685,0.99158,1,2,3,4
-0.095825,-0.369825,-0.9153,0.99186,1,2,3,4
-0.093975,-0.3694,-0.915255,0.99146,1,2,3,4
-0.09551,-0.36718,-0.918515,0.993765,1,2,3,4
-0.098855,-0.367875,-0.917125,0.993145,1,2,3,4
-0.099875,-0.365265,-0.917445,0.992555,1,2,3,4
-0.101985,-0.36227,-0.91862,0.992735,1,2,3,4
-0.107795,-0.369875,-0.912865,0.99093,1,2,3,4
-0.119875,-0.436575,-0.886295,0.99542,1,2,3,4
-0.123795,-0.44517,-0.88296,0.9966,1,2,3,4
-0.12537,-0.43778,-0.887135,0.997245,1,2,3,4
-0.137725,-0.43531,-0.88709,0.99778,1,2,3,4
-0.14414,-0.43316,-0.88541,0.996235,1,2,3,4
-0.145445,-0.43138,-0.885855,0.99602,1,2,3,4
-0.140275,-0.428245,-0.886955,0.99499,1,2,3,4
-0.13418,-0.42587,-0.891145,0.996805,1,2,3,4
-0.13135,-0.424755,-0.890955,0.995815,1,2,3,4
-0.13335,-0.408585,-0.89899,0.996795,1,2,3,4
-0.12597,-0.347605,-0.91889,0.99059,1,2,3,4
-0.13161,-0.39703,-0.89978,0.992385,1,2,3,4
-0.134325,-0.40228,-0.900665,0.99558,1,2,3,4
-0.123805,-0.396355,-0.900525,0.991815,1,2,3,4
-0.120705,-0.386425,-0.908025,0.994295,1,2,3,4
-0.10455,-0.35576,-0.926595,0.998155,1,2,3,4
-0.12256,-0.349795,-0.92254,0.99456,1,2,3,4
-0.129675,-0.34617,-0.92104,0.992585,1,2,3,4
-0.12829,-0.341935,-0.923225,0.992985,1,2,3,4
-0.13065,-0.34359,-0.91967,0.99053,1,2,3,4
-0.133835,-0.340555,-0.922975,0.99298,1,2,3,4
-0.13547,-0.338605,-0.92149,0.99114,1,2,3,4
-0.135445,-0.29724,-0.935345,0.99173,1,2,3,4
-0.12751,-0.250735,-0.952095,0.99294,1,2,3,4
-0.12989,-0.258835,-0.95166,0.99491,1,2,3,4
-0.141735,-0.345255,-0.916875,0.9903,1,2,3,4
-0.14188,-0.354715,-0.91443,0.99112,1,2,3,4
-0.144855,-0.320335,-0.926835,0.991405,1,2,3,4
-0.140115,-0.316815,-0.92495,0.98782,1,2,3,4
-0.14819,-0.286885,-0.939215,0.993605,1,2,3,4
-0.1325,-0.2674,-0.94826,0.99422,1,2,3,4
-0.13329,-0.269675,-0.94731,0.99396,1,2,3,4
-0.136185,-0.26891,-0.94617,0.99312,1,2,3,4
-0.13535,-0.266875,-0.946985,0.99317,1,2,3,4
-0.136525,-0.267745,-0.947155,0.99372,1,2,3,4
-0.13564,-0.26915,-0.947335,0.994225,1,2,3,4
-0.13388,-0.27205,-0.94611,0.99363,1,2,3,4
-0.133705,-0.26548,-0.94869,0.994175,1,2,3,4
-0.133865,-0.27901,-0.943205,0.992845,1,2,3,4
-0.136415,-0.298135,-0.936755,0.992525,1,2,3,4
-0.141305,-0.311045,-0.93224,0.992975,1,2,3,4
-0.14479,-0.336615,-0.922525,0.993455,1,2,3,4
-0.14793,-0.33979,-0.92102,0.99282,1,2,3,4
-0.14877,-0.338315,-0.920895,0.9923,1,2,3,4
-0.149235,-0.339665,-0.92083,0.99275,1,2,3,4
-0.14849,-0.338625,-0.920985,0.992445,1,2,3,4
-0.15049,-0.338865,-0.920025,0.991945,1,2,3,4
-0.14677,-0.339115,-0.9212,0.992535,1,2,3,4
-0.14723,-0.338915,-0.92366,0.99487,1,2,3,4
-0.14816,-0.340405,-0.92112,0.993125,1,2,3,4
-0.147165,-0.338555,-0.921455,0.99268,1,2,3,4
-0.149445,-0.33876,-0.921015,0.992655,1,2,3,4
-0.15038,-0.337125,-0.92139,0.992615,1,2,3,4
-0.150365,-0.336885,-0.922035,0.993075,1,2,3,4
-0.144655,-0.327475,-0.92568,0.99247,1,2,3,4
-0.150695,-0.33168,-0.923275,0.99259,1,2,3,4
-0.150815,-0.334,-0.922795,0.992935,1,2,3,4
-0.15015,-0.339165,-0.92092,0.99285,1,2,3,4
-0.15018,-0.336895,-0.9219,0.992975,1,2,3,4
-0.151135,-0.3359,-0.9219,0.992745,1,2,3,4
-0.151765,-0.334345,-0.92207,0.99251,1,2,3,4
-0.151445,-0.33787,-0.921375,0.992985,1,2,3,4
-0.149425,-0.33597,-0.92171,0.992405,1,2,3,4
-0.147825,-0.338015,-0.92187,0.992985,1,2,3,4
-0.14894,-0.338525,-0.92097,0.992505,1,2,3,4
-0.150045,-0.33878,-0.921205,0.99293,1,2,3,4
-0.1499,-0.339805,-0.91861,0.99088,1,2,3,4
-0.156345,-0.39792,-0.89691,0.99393,1,2,3,4
-0.162955,-0.426455,-0.886575,0.997255,1,2,3,4
-0.162355,-0.422385,-0.888865,0.99743,1,2,3,4
-0.160895,-0.420815,-0.88949,0.99714,1,2,3,4
-0.161275,-0.416645,-0.890335,0.99622,1,2,3,4
-0.1595,-0.414595,-0.889185,0.994035,1,2,3,4
-0.15498,-0.412345,-0.88873,0.992,1,2,3,4
-0.15565,-0.41058,-0.893605,0.99578,1,2,3,4
-0.160125,-0.40947,-0.892365,0.99495,1,2,3,4
-0.155495,-0.40409,-0.895705,0.99498,1,2,3,4
-0.151995,-0.34882,-0.9247,1.00009,1,2,3,4
-0.15901,-0.34205,-0.91643,0.99109,1,2,3,4
-0.1443,-0.33029,-0.92397,0.99194,1,2,3,4
-0.14245,-0.327695,-0.92422,0.99112,1,2,3,4
-0.130655,-0.32943,-0.926365,0.991975,1,2,3,4
-0.145285,-0.328945,-0.924265,0.991815,1,2,3,4
-0.147445,-0.324595,-0.926055,0.99246,1,2,3,4
-0.14512,-0.31232,-0.92881,0.99096,1,2,3,4
-0.15612,-0.31019,-0.93178,0.994745,1,2,3,4
-0.1501,-0.265655,-0.94671,0.99482,1,2,3,4
-0.15626,-0.264555,-0.943895,0.992705,1,2,3,4
-0.15259,-0.265445,-0.94501,0.99344,1,2,3,4
-0.153915,-0.265195,-0.94528,0.99389,1,2,3,4
-0.152595,-0.26687,-0.94457,0.993375,1,2,3,4
-0.152125,-0.26707,-0.943385,0.992235,1,2,3,4
-0.152295,-0.266925,-0.94421,0.99306,1,2,3,4
-0.15186,-0.272335,-0.94254,0.992865,1,2,3,4
-0.1509,-0.264365,-0.94581,0.993605,1,2,3,4
-0.15186,-0.277305,-0.94137,0.99316,1,2,3,4
-0.15599,-0.2975,-0.933365,0.99201,1,2,3,4
-0.15765,-0.319215,-0.925265,0.991455,1,2,3,4
-0.158715,-0.32864,-0.920645,0.9911,1,2,3,4
-0.16112,-0.33761,-0.917705,0.99104,1,2,3,4
-0.16005,-0.337275,-0.91839,0.991325,1,2,3,4
-0.16231,-0.33125,-0.920265,0.991495,1,2,3,4
-0.168235,-0.327255,-0.91974,0.990645,1,2,3,4
-0.16666,-0.33069,-0.919395,0.99119,1,2,3,4
-0.166305,-0.33232,-0.919495,0.99178,1,2,3,4
-0.16563,-0.33123,-0.92008,0.99186,1,2,3,4
-0.166185,-0.33227,-0.91936,0.991605,1,2,3,4
-0.1664,-0.332005,-0.919745,0.99189,1,2,3,4
-0.16815,-0.33191,-0.92007,0.99247,1,2,3,4
-0.166315,-0.333035,-0.920485,0.992905,1,2,3,4
-0.16768,-0.33301,-0.922775,0.99529,1,2,3,4
-0.170085,-0.33359,-0.92088,0.994155,1,2,3,4
-0.169455,-0.331825,-0.92071,0.99329,1,2,3,4
-0.171015,-0.333335,-0.91979,0.993185,1,2,3,4
-0.169585,-0.331375,-0.920545,0.992935,1,2,3,4
-0.17104,-0.329845,-0.92057,0.992715,1,2,3,4
-0.170755,-0.33089,-0.920505,0.99295,1,2,3,4
-0.17065,-0.333385,-0.917345,0.99092,1,2,3,4
-0.17678,-0.401275,-0.89279,0.994985,1,2,3,4
-0.178135,-0.42578,-0.884265,0.99753,1,2,3,4
-0.178665,-0.4211,-0.88594,0.99707,1,2,3,4
-0.17827,-0.41922,-0.88698,0.997145,1,2,3,4
-0.176765,-0.418175,-0.88786,0.997235,1,2,3,4
-0.179195,-0.41651,-0.889345,0.99831,1,2,3,4
-0.17675,-0.425325,-0.8912,1.0033,1,2,3,4
-0.179175,-0.42749,-0.88396,0.998205,1,2,3,4
-0.17713,-0.423885,-0.885875,0.997925,1,2,3,4
-0.177695,-0.406345,-0.890875,0.99527,1,2,3,4
-0.16681,-0.351075,-0.91284,0.99245,1,2,3,4
-0.17131,-0.33984,-0.91569,0.991745,1,2,3,4
-0.15423,-0.33897,-0.91817,0.99086,1,2,3,4
-0.176165,-0.339115,-0.914045,0.990905,1,2,3,4
-0.181485,-0.339635,-0.914405,0.992455,1,2,3,4
-0.17485,-0.339855,-0.91454,0.99152,1,2,3,4
-0.17553,-0.338035,-0.91614,0.992185,1,2,3,4
-0.176995,-0.339435,-0.915475,0.992345,1,2,3,4
-0.17784,-0.3199,-0.92222,0.992425,1,2,3,4
-0.176765,-0.297355,-0.92716,0.98966,1,2,3,4
-0.169955,-0.287335,-0.923905,0.982495,1,2,3,4
-0.1768,-0.26843,-0.939175,0.99329,1,2,3,4
-0.169405,-0.255325,-0.944685,0.99329,1,2,3,4
-0.170435,-0.2605,-0.943495,0.993565,1,2,3,4
-0.17194,-0.25854,-0.9437,0.99346,1,2,3,4
-0.16978,-0.25866,-0.944355,0.99378,1,2,3,4
-0.17369,-0.257925,-0.943955,0.99393,1,2,3,4
-0.174435,-0.257195,-0.94503,0.9949,1,2,3,4
-0.173745,-0.26341,-0.941555,0.993135,1,2,3,4
-0.16971,-0.25454,-0.94617,0.99441,1,2,3,4
-0.17156,-0.27724,-0.938585,0.993735,1,2,3,4
-0.173345,-0.291245,-0.93328,0.99299,1,2,3,4
-0.17646,-0.316415,-0.92351,0.992145,1,2,3,4
-0.17768,-0.321465,-0.921125,0.99253,1,2,3,4
-0.179465,-0.33132,-0.917815,0.99217,1,2,3,4
-0.179295,-0.33236,-0.917495,0.99214,1,2,3,4
-0.17959,-0.33382,-0.916745,0.99201,1,2,3,4
-0.178635,-0.33234,-0.916775,0.991375,1,2,3,4
-0.180085,-0.33199,-0.91674,0.99152,1,2,3,4
-0.17942,-0.333565,-0.91653,0.99175,1,2,3,4
-0.17772,-0.331885,-0.91775,0.991975,1,2,3,4
-0.17946,-0.331575,-0.91777,0.992205,1,2,3,4
-0.18076,-0.332195,-0.91705,0.991995,1,2,3,4
-0.18054,-0.32688,-0.92178,0.994595,1,2,3,4
-0.180905,-0.32754,-0.920145,0.99334,1,2,3,4
-0.18035,-0.33005,-0.91852,0.99253,1,2,3,4
-0.181075,-0.33104,-0.918015,0.99251,1,2,3,4
-0.180525,-0.330575,-0.918875,0.993075,1,2,3,4
-0.17963,-0.331495,-0.91811,0.992525,1,2,3,4
-0.179835,-0.33246,-0.917965,0.992745,1,2,3,4
-0.18042,-0.331645,-0.918135,0.992755,1,2,3,4
-0.179555,-0.33754,-0.914405,0.99117,1,2,3,4
-0.184755,-0.40635,-0.889065,0.99519,1,2,3,4
-0.186925,-0.424755,-0.883545,0.998005,1,2,3,4
-0.18662,-0.418915,-0.885335,0.99705,1,2,3,4
-0.187025,-0.418005,-0.88564,0.99704,1,2,3,4
-0.186005,-0.414005,-0.88572,0.995255,1,2,3,4
-0.187235,-0.4131,-0.88628,0.99567,1,2,3,4
-0.186005,-0.41187,-0.88604,0.9947,1,2,3,4
-0.18865,-0.40901,-0.885675,0.99369,1,2,3,4
-0.18454,-0.39974,-0.89305,0.99577,1,2,3,4
-0.18785,-0.387915,-0.895175,0.993585,1,2,3,4
-0.18098,-0.335405,-0.916445,0.99279,1,2,3,4
-0.180395,-0.32128,-0.920605,0.991655,1,2,3,4
-0.1789,-0.320905,-0.92119,0.99178,1,2,3,4
-0.19656,-0.32073,-0.916645,0.99096,1,2,3,4
-0.19824,-0.32091,-0.91655,0.991185,1,2,3,4
-0.18264,-0.31931,-0.92134,0.992215,1,2,3,4
-0.180045,-0.32157,-0.919855,0.991055,1,2,3,4
-0.1832,-0.32221,-0.920985,0.99283,1,2,3,4
-0.18317,-0.322185,-0.92027,0.99218,1,2,3,4
-0.16387,-0.319315,-0.923535,0.9909,1,2,3,4
-0.17728,-0.320445,-0.922525,0.992635,1,2,3,4
-0.18475,-0.316385,-0.92476,0.994835,1,2,3,4
-0.17549,-0.305,-0.929575,0.99416,1,2,3,4
-0.178325,-0.289085,-0.93386,0.993935,1,2,3,4
-0.17765,-0.255365,-0.943725,0.99378,1,2,3,4
-0.17316,-0.25722,-0.945495,0.99514,1,2,3,4
-0.1772,-0.252945,-0.945535,0.99476,1,2,3,4
-0.172355,-0.25439,-0.946295,0.99502,1,2,3,4
-0.17743,-0.25302,-0.944785,0.99412,1,2,3,4
-0.176275,-0.25322,-0.945965,0.995055,1,2,3,4
-0.176875,-0.251115,-0.946185,0.994825,1,2,3,4
-0.17753,-0.25771,-0.94307,0.99368,1,2,3,4
-0.17625,-0.249145,-0.947345,0.9953,1,2,3,4
-0.178035,-0.271015,-0.9384,0.993015,1,2,3,4
-0.179155,-0.283885,-0.93459,0.99309,1,2,3,4
-0.18098,-0.317465,-0.922375,0.99219,1,2,3,4
-0.18195,-0.306565,-0.925645,0.99295,1,2,3,4
-0.186705,-0.328725,-0.917545,0.99238,1,2,3,4
-0.18828,-0.328665,-0.917385,0.992515,1,2,3,4
-0.184955,-0.330975,-0.917155,0.992455,1,2,3,4
-0.185415,-0.33025,-0.917005,0.992165,1,2,3,4
-0.186395,-0.328715,-0.91697,0.991765,1,2,3,4
-0.187835,-0.32876,-0.91726,0.992365,1,2,3,4
-0.185555,-0.332215,-0.916185,0.99205,1,2,3,4
-0.18406,-0.331845,-0.91639,0.991905,1,2,3,4
-0.182805,-0.33352,-0.91856,0.994225,1,2,3,4
-0.183945,-0.33336,-0.9173,0.99315,1,2,3,4
-0.18351,-0.33321,-0.917235,0.99301,1,2,3,4
-0.184865,-0.33036,-0.917575,0.992575,1,2,3,4
-0.18563,-0.33052,-0.918065,0.993255,1,2,3,4
-0.183865,-0.330985,-0.9184,0.993375,1,2,3,4
-0.183645,-0.3305,-0.918285,0.99308,1,2,3,4
-0.18471,-0.33157,-0.917665,0.993065,1,2,3,4
-0.1836,-0.3311,-0.917965,0.992945,1,2,3,4
-0.183585,-0.330775,-0.9181,0.992985,1,2,3,4
-0.18529,-0.331025,-0.916045,0.991505,1,2,3,4
-0.18655,-0.32974,-0.91592,0.991155,1,2,3,4
-0.18911,-0.391685,-0.895215,0.99588,1,2,3,4
-0.19215,-0.420815,-0.88394,0.99773,1,2,3,4
-0.19408,-0.417615,-0.88484,0.997525,1,2,3,4
-0.19177,-0.41602,-0.886185,0.99763,1,2,3,4
-0.190455,-0.414815,-0.886555,0.99719,1,2,3,4
-0.190855,-0.416385,-0.88591,0.99736,1,2,3,4
-0.191015,-0.41875,-0.886455,0.998865,1,2,3,4
-0.189685,-0.417165,-0.885775,0.997455,1,2,3,4
-0.190355,-0.372545,-0.900065,0.99361,1,2,3,4
-0.174745,-0.33162,-0.917835,0.99173,1,2,3,4
-0.180375,-0.338655,-0.914075,0.991425,1,2,3,4
-0.180045,-0.339465,-0.915195,0.992685,1,2,3,4
-0.18535,-0.335505,-0.91489,0.99207,1,2,3,4
-0.184625,-0.333825,-0.916295,0.99274,1,2,3,4
-0.18725,-0.332055,-0.915635,0.992065,1,2,3,4
-0.18389,-0.33623,-0.91478,0.99195,1,2,3,4
-0.190075,-0.33171,-0.91478,0.99159,1,2,3,4
-0.18369,-0.333065,-0.915,0.991155,1,2,3,4
-0.18959,-0.330895,-0.91596,0.99229,1,2,3,4
-0.189605,-0.33156,-0.914785,0.99141,1,2,3,4
-0.18515,-0.33343,-0.91609,0.992325,1,2,3,4
-0.188765,-0.33648,-0.91647,0.99445,1,2,3,4
-0.181125,-0.33979,-0.91654,0.994255,1,2,3,4
-0.193665,-0.342975,-0.910265,0.99203,1,2,3,4
-0.202055,-0.39217,-0.89108,0.99446,1,2,3,4
-0.19724,-0.386655,-0.89463,0.994525,1,2,3,4
-0.19795,-0.340535,-0.90881,0.990565,1,2,3,4
-0.19139,-0.33336,-0.917315,0.994615,1,2,3,4
-0.190395,-0.30193,-0.92502,0.991925,1,2,3,4
-0.1993,-0.299515,-0.9226,0.990395,1,2,3,4
-0.185285,-0.27299,-0.931835,0.989195,1,2,3,4
-0.19789,-0.242075,-0.94326,0.99431,1,2,3,4
-0.18863,-0.252025,-0.941855,0.993145,1,2,3,4
-0.18859,-0.250365,-0.94383,0.994605,1,2,3,4
-0.19059,-0.25117,-0.944095,0.995385,1,2,3,4
-0.188265,-0.25344,-0.942405,0.993935,1,2,3,4
-0.19689,-0.25532,-0.940675,0.994425,1,2,3,4
-0.19462,-0.262615,-0.93895,0.99437,1,2,3,4
-0.19496,-0.25652,-0.939925,0.993775,1,2,3,4
-0.19367,-0.25355,-0.941905,0.994565,1,2,3,4
-0.19438,-0.27862,-0.93303,0.993115,1,2,3,4
-0.19676,-0.290775,-0.928245,0.992585,1,2,3,4
-0.19626,-0.29681,-0.925995,0.99235,1,2,3,4
-0.197545,-0.325635,-0.916135,0.992525,1,2,3,4
-0.198525,-0.325545,-0.91618,0.992395,1,2,3,4
-0.1989,-0.32294,-0.91671,0.992115,1,2,3,4
-0.19801,-0.325605,-0.91626,0.99234,1,2,3,4
-0.192805,-0.30556,-0.923605,0.991855,1,2,3,4
-0.19378,-0.315635,-0.920555,0.992265,1,2,3,4
-0.20637,-0.323745,-0.915215,0.99249,1,2,3,4
-0.209205,-0.32263,-0.914525,0.99212,1,2,3,4
-0.20581,-0.322785,-0.91537,0.992215,1,2,3,4
-0.20574,-0.325995,-0.914785,0.992735,1,2,3,4
-0.20402,-0.32723,-0.917075,0.994865,1,2,3,4
-0.20352,-0.327855,-0.915525,0.99355,1,2,3,4
-0.202705,-0.32846,-0.914815,0.99293,1,2,3,4
-0.1998,-0.331095,-0.914615,0.993045,1,2,3,4
-0.195015,-0.33426,-0.91355,0.99214,1,2,3,4
-0.195775,-0.3352,-0.913335,0.992395,1,2,3,4
-0.1958,-0.33588,-0.91389,0.993165,1,2,3,4
-0.19776,-0.354755,-0.903505,0.990895,1,2,3,4
-0.200395,-0.42199,-0.880295,0.996595,1,2,3,4
-0.200955,-0.42508,-0.879535,0.997305,1,2,3,4
-0.20312,-0.42058,-0.881415,0.997545,1,2,3,4
-0.20383,-0.41918,-0.88137,0.99708,1,2,3,4
-0.213345,-0.41865,-0.88002,0.99765,1,2,3,4
-0.22641,-0.41965,-0.87569,0.997115,1,2,3,4
-0.23168,-0.41381,-0.87224,0.992905,1,2,3,4
-0.216935,-0.408345,-0.883705,0.99775,1,2,3,4
-0.21159,-0.396205,-0.892685,0.99989,1,2,3,4
-0.188765,-0.378565,-0.90499,1.0004,1,2,3,4
-0.179545,-0.326995,-0.92057,0.99377,1,2,3,4
-0.192465,-0.32284,-0.91984,0.993845,1,2,3,4
-0.19441,-0.32969,-0.92059,0.99704,1,2,3,4
-0.18561,-0.322035,-0.91267,0.98569,1,2,3,4
-0.193465,-0.314515,-0.91756,0.98915,1,2,3,4
-0.19096,-0.325405,-0.925395,0.999595,1,2,3,4
-0.197135,-0.32435,-0.91745,0.993,1,2,3,4
-0.186515,-0.31953,-0.9195,0.991405,1,2,3,4
-0.203955,-0.32002,-0.91482,0.99076,1,2,3,4
-0.22395,-0.32588,-0.914255,0.9966,1,2,3,4
-0.20395,-0.345385,-0.90492,0.990315,1,2,3,4
-0.20252,-0.345815,-0.911885,0.996475,1,2,3,4
-0.199275,-0.368315,-0.905595,0.99884,1,2,3,4
-0.216165,-0.32217,-0.91687,0.99616,1,2,3,4
-0.208795,-0.319345,-0.918395,0.99492,1,2,3,4
-0.21519,-0.315665,-0.91912,0.995455,1,2,3,4
-0.2214,-0.30804,-0.918405,0.99399,1,2,3,4
-0.240745,-0.31547,-0.91173,0.994815,1,2,3,4
-0.245545,-0.30642,-0.913815,0.994735,1,2,3,4
-0.239695,-0.30328,-0.916515,0.99472,1,2,3,4
-0.23956,-0.30618,-0.91576,0.994925,1,2,3,4
-0.2459,-0.29717,-0.917045,0.99488,1,2,3,4
-0.24783,-0.30939,-0.911335,0.99396,1,2,3,4
-0.24911,-0.325515,-0.905075,0.993635,1,2,3,4
-0.249845,-0.345815,-0.89648,0.992905,1,2,3,4
-0.249755,-0.35379,-0.893255,0.993505,1,2,3,4
-0.257195,-0.357375,-0.890065,0.993045,1,2,3,4
-0.26227,-0.35438,-0.889275,0.99255,1,2,3,4
-0.26198,-0.35391,-0.890225,0.99318,1,2,3,4
-0.260765,-0.353715,-0.889985,0.99253,1,2,3,4
-0.25831,-0.357255,-0.889915,0.99316,1,2,3,4
-0.25283,-0.359415,-0.89317,0.995465,1,2,3,4
-0.250975,-0.35984,-0.89169,0.993735,1,2,3,4
-0.25142,-0.36272,-0.890315,0.993725,1,2,3,4
-0.25043,-0.361245,-0.89109,0.99357,1,2,3,4
-0.251285,-0.35951,-0.888765,0.991165,1,2,3,4
-0.25115,-0.361595,-0.88978,0.992715,1,2,3,4
-0.24899,-0.361265,-0.890655,0.99291,1,2,3,4
-0.24699,-0.362935,-0.890575,0.992895,1,2,3,4
-0.22668,-0.39819,-0.879665,0.99334,1,2,3,4
-0.206175,-0.46025,-0.85504,0.993155,1,2,3,4
-0.180135,-0.431835,-0.874455,0.993085,1,2,3,4
-0.170151042,-0.431786458,-0.876098958,0.993114583,1,2,3,4
0.5103,0.025855,-0.320955,1.183455,1,2,3,4
0.69073,0.96414,0.335975,1.27242,1,2,3,4
0.93289,0.799735,0.502165,1.359935,1,2,3,4
-0.03285,0.725,0.08248,0.97044,1,2,3,4
-0.08391,0.019915,-0.71522,0.99982,1,2,3,4
-0.08298,-0.358885,-0.944895,1.013885,1,2,3,4
-0.08563,-0.35638,-0.92721,0.99713,1,2,3,4
-0.0958,-0.379705,-0.87275,0.95679,1,2,3,4
-0.08133,-0.37697,-0.915545,0.993875,1,2,3,4
-0.04917,-0.35776,-0.94548,1.012,1,2,3,4
-0.076665,-0.38983,-0.916645,0.99897,1,2,3,4
-0.079045,-0.41536,-0.907705,1.00114,1,2,3,4
-0.05859,-0.44343,-0.8677,0.97783,1,2,3,4
-0.160125,-0.3004,-0.913625,0.99057,5,6,7,8
-0.073515,-0.324505,-0.925695,0.98925,5,6,7,8
-0.134295,-0.470545,-0.8298,1.000775,5,6,7,8
-0.0674,-0.727155,-0.663875,0.988505,5,6,7,8
-0.05374,-0.666585,-0.731625,0.99417,5,6,7,8
-0.05342,-0.63569,-0.73694,0.981375,5,6,7,8
0.827015,0.306905,0.275235,1.05883,5,6,7,8
0.76521,0.558185,0.356005,1.020295,5,6,7,8
0.81324,0.477185,0.38639,1.029685,5,6,7,8
0.7803,0.551585,0.342695,1.02075,5,6,7,8
0.769485,0.522875,0.41863,1.024535,5,6,7,8
0.65591,0.580905,0.458935,1.00694,5,6,7,8
0.613785,0.63796,0.473205,1.00848,5,6,7,8
0.73038,0.434465,0.531855,1.01315,5,6,7,8
0.799395,0.48026,0.4652,1.05456,5,6,7,8
0.783995,0.54618,0.41034,1.047715,5,6,7,8
0.76112,0.525905,0.38123,1.00406,5,6,7,8
0.778025,0.55953,0.35748,1.030785,5,6,7,8
0.760305,0.57312,0.32371,1.00744,5,6,7,8
0.345975,-0.1891,-0.47336,1.00691,5,6,7,8
-0.068025,-0.89934,-0.380555,0.995755,5,6,7,8
-0.09402,-0.778585,-0.564305,0.981385,5,6,7,8
0.80167,0.650435,0.20552,1.232365,5,6,7,8
0.70708,0.67211,0.339405,1.042745,5,6,7,8
0.70797,0.703005,0.39185,1.087315,5,6,7,8
0.699155,0.628615,0.35944,1.0086,5,6,7,8
0.681375,0.65301,0.348395,1.007135,5,6,7,8
0.68969,0.668125,0.32172,1.01621,5,6,7,8
0.74417,0.630585,0.3428,1.046345,5,6,7,8
0.717945,0.637545,0.352445,1.0274,5,6,7,8
0.7918,0.567215,0.104255,1.009815,5,6,7,8
0.759135,0.56222,0.424715,1.0445,5,6,7,8
0.69711,0.603495,0.384715,0.99962,5,6,7,8
0.71878,0.606715,0.36075,1.01247,5,6,7,8
0.30468,-0.17314,-0.74808,0.990235,5,6,7,8
-0.049905,-0.481565,-0.855505,0.987705,5,6,7,8
-0.10511,-0.42082,-0.89127,0.99793,5,6,7,8
-0.058335,-0.32055,-0.91863,0.99692,5,6,7,8
0.07677,-0.32815,-0.931825,0.993655,5,6,7,8
0.430445,-0.045385,-0.602455,1.003355,5,6,7,8
0.52192,0.01112,-0.463945,1.016705,5,6,7,8
0.570505,0.33908,-0.521305,1.148835,5,6,7,8
0.771345,0.430565,-0.098135,0.96071,5,6,7,8
0.478845,0.16425,-0.502635,1.003795,5,6,7,8
0.049185,0.055585,-0.97269,0.97569,5,6,7,8
0.05344,0.05648,-0.99092,0.99392,5,6,7,8
0.06249,0.05006,-0.98051,0.98388,5,6,7,8
0.07241,0.038605,-0.996785,1.000145,5,6,7,8
0.07786,0.030795,-0.99082,0.994375,5,6,7,8
0.08676,0.00906,-1.013135,1.017135,5,6,7,8
0.08254,0.010345,-0.995865,0.999555,5,6,7,8
0.05328,0.01233,-0.98047,0.9822,5,6,7,8
-0.094805,-0.14157,-0.923205,0.98064,5,6,7,8
0.016965,-0.399335,-0.83191,1.000435,5,6,7,8
-0.11538,-0.73788,-0.656815,0.99773,5,6,7,8
0.401745,-0.19798,-0.27822,1.0853,5,6,7,8
0.68031,0.671675,0.43119,1.07314,5,6,7,8
0.38441,-0.276995,-0.635965,1.011085,5,6,7,8
0.097935,-0.46326,-0.869155,0.992015,5,6,7,8
0.08542,-0.386585,-0.90545,0.989875,5,6,7,8
0.080565,-0.40697,-0.887015,0.980705,5,6,7,8
-0.2581,0.533245,-0.42184,0.98066,5,6,7,8
-0.513505,0.839385,-0.10391,1.00029,5,6,7,8
-0.43543,0.69219,-0.203185,1.043485,5,6,7,8
0.041165,-0.397645,-0.81019,0.90421,5,6,7,8
0.064105,-0.426385,-0.812165,0.91988,5,6,7,8
0.06061,-0.36956,-0.866035,0.943535,5,6,7,8
0.039125,-0.331555,-1.00937,1.063705,5,6,7,8
0.09968,-0.27179,-1.10206,1.13977,5,6,7,8
0.08561,-0.23807,-1.09111,1.12074,5,6,7,8
0.07811,-0.20205,-1.036635,1.058935,5,6,7,8
0.078545,-0.206,-1.096845,1.11899,5,6,7,8
0.05389,-0.144385,-1.250955,1.26263,5,6,7,8
-0.292825,-0.10703,-0.961445,1.06212,5,6,7,8
-0.42176,-0.26593,-0.770755,0.98932,5,6,7,8
-0.025131579,-0.360078947,-0.879473684,0.957644737,5,6,7,8
-0.15878,0.0431,-0.571855,1.05836,5,6,7,8
-0.80143,0.42922,0.49678,1.06077,5,6,7,8
-0.79473,0.587985,0.379065,1.090635,5,6,7,8
-0.474705,0.563125,0.14681,1.19972,5,6,7,8
-0.06528,-0.33232,-0.89944,0.96092,5,6,7,8
-0.064,-0.3304,-0.9006,0.9614,5,6,7,8
-0.056,-0.328,-0.899,0.959,5,6,7,8
-0.034205,-0.371675,-0.88045,0.95771,5,6,7,8
-0.02351,-0.40622,-0.88518,0.97433,5,6,7,8
0.03883,-0.32395,-0.95908,1.014805,5,6,7,8
0.005175,-0.34621,-0.957935,1.018625,5,6,7,8
-0.047635,-0.38183,-0.961985,1.036995,5,6,7,8
-0.11406,-0.416895,-0.929045,1.02507,5,6,7,8
-0.057229167,-0.367395833,-0.9248125,0.997291667,5,6,7,8
-0.02065,-0.73141,-0.6725,0.993845,5,6,7,8
0.029,-0.777525,-0.15694,1.01582,5,6,7,8
0.08847,-0.75778,0.18183,0.997315,5,6,7,8
0.128305,-0.81658,-0.40585,0.998065,5,6,7,8
-0.21541,-0.77745,-0.34309,1.00875,5,6,7,8
-0.200605,-0.919225,-0.30349,1.03007,5,6,7,8
-0.175965,-0.756275,-0.563755,1.01729,5,6,7,8
-0.066185,-0.890515,-0.277165,1.01134,5,6,7,8
-0.436165,-0.39618,0.667385,1.029175,5,6,7,8
-0.442555,-0.3311,0.770445,1.01757,5,6,7,8
0.06791,-0.87873,-0.26031,1.01665,5,6,7,8
0.15045,-0.822295,-0.51425,1.00786,5,6,7,8
0.09555,-0.94375,-0.281495,0.998005,5,6,7,8
0.096655,-0.74806,-0.408825,1.01082,5,6,7,8
0.040495,-0.0576,-0.98207,0.9919,5,6,7,8
0.001845,-0.00405,-0.988725,0.988725,5,6,7,8
0.00188,-0.00401,-0.988595,0.988595,5,6,7,8
0.001845,-0.004045,-0.988625,0.988625,5,6,7,8
0.001705,-0.004055,-0.98891,0.98891,5,6,7,8
0.00174,-0.004115,-0.99029,0.99029,5,6,7,8
0.00168,-0.004215,-0.99054,0.99054,5,6,7,8
0.00172,-0.004385,-0.98962,0.98962,5,6,7,8
0.001735,-0.00424,-0.98955,0.98955,5,6,7,8
0.0017,-0.004395,-0.98888,0.98888,5,6,7,8
0.0017,-0.00424,-0.98782,0.98782,5,6,7,8
0.00156,-0.00434,-0.987925,0.987925,5,6,7,8
0.00176,-0.00437,-0.98882,0.98882,5,6,7,8
0.001655,-0.00436,-0.98925,0.98925,5,6,7,8
0.001675,-0.00443,-0.989625,0.989625,5,6,7,8
0.001635,-0.004265,-0.989585,0.989585,5,6,7,8
0.00158,-0.004425,-0.98958,0.98958,5,6,7,8
0.001645,-0.00428,-0.98984,0.98984,5,6,7,8
0.00174,-0.00429,-0.98992,0.98992,5,6,7,8
0.00166,-0.004215,-0.99002,0.99002,5,6,7,8
0.0016,-0.00438,-0.989795,0.989795,5,6,7,8
0.001745,-0.004375,-0.989415,0.989415,5,6,7,8
0.00168,-0.00427,-0.98985,0.98985,5,6,7,8
0.001605,-0.004355,-0.98971,0.98971,5,6,7,8
0.00167,-0.00434,-0.98982,0.98982,5,6,7,8
0.001845,-0.004445,-0.98972,0.98972,5,6,7,8
0.001455,-0.004245,-0.9899,0.9899,5,6,7,8
0.001715,-0.004285,-0.9898,0.9898,5,6,7,8
0.00167,-0.004495,-0.98988,0.98988,5,6,7,8
0.001665,-0.00434,-0.989855,0.989855,5,6,7,8
0.00165,-0.00441,-0.9899,0.9899,5,6,7,8
0.001625,-0.00433,-0.989935,0.989935,5,6,7,8
0.001675,-0.004325,-0.98993,0.98993,5,6,7,8
0.001605,-0.00424,-0.98999,0.98999,5,6,7,8
0.0017,-0.00431,-0.98983,0.98983,5,6,7,8
0.001465,-0.004415,-0.989985,0.989985,5,6,7,8
0.00164,-0.004445,-0.989845,0.989845,5,6,7,8
0.001655,-0.0045,-0.989985,0.989985,5,6,7,8
0.00154,-0.00431,-0.990085,0.990085,5,6,7,8
0.00178,-0.004355,-0.98984,0.98984,5,6,7,8
0.009455,-0.00557,-0.992885,0.99586,5,6,7,8
0.16047,-0.70998,-0.89806,1.15774,5,6,7,8
-0.18368,-0.617445,-0.62132,1.0746,5,6,7,8
-0.14174,-0.62888,-0.7648,1.000215,5,6,7,8
-0.14588,-0.63468,-0.7404,0.9864,5,6,7,8
-0.146375,-0.636965,-0.727825,0.978125,5,6,7,8
-0.1379,-0.62352,-0.76424,0.99575,5,6,7,8
-0.139385,-0.626345,-0.759085,0.994015,5,6,7,8
-0.12578,-0.6211,-0.748275,0.980625,5,6,7,8
-0.12488,-0.626895,-0.764305,0.996195,5,6,7,8
-0.127315,-0.63799,-0.76484,1.004015,5,6,7,8
-0.11443,-0.67877,-0.7221,0.99949,5,6,7,8
-0.052235,-0.434265,-0.78096,0.99259,5,6,7,8
0.001135,-0.0008,-0.99058,0.99058,5,6,7,8
0.00086,-0.001315,-0.988475,0.98848,5,6,7,8
0.00078,-0.00116,-0.98925,0.98925,5,6,7,8
0.0008,-0.001065,-0.98946,0.98946,5,6,7,8
0.00061,-0.001085,-0.98954,0.98954,5,6,7,8
0.000745,-0.001135,-0.989645,0.989645,5,6,7,8
0.00063,-0.00136,-0.99221,0.99221,5,6,7,8
0.00047,-0.001415,-0.99043,0.99043,5,6,7,8
0.00059,-0.00137,-0.990275,0.990275,5,6,7,8
0.00051,-0.001395,-0.99013,0.99013,5,6,7,8
0.00054,-0.001125,-0.99011,0.99011,5,6,7,8
0.00062,-0.00143,-0.99016,0.99016,5,6,7,8
0.000825,-0.00105,-0.990185,0.990185,5,6,7,8
0.000995,-0.00108,-0.990075,0.990075,5,6,7,8
0.00083,-0.00101,-0.990115,0.990115,5,6,7,8
0.00096,-0.000985,-0.990095,0.990095,5,6,7,8
0.000925,-0.00097,-0.99006,0.99006,5,6,7,8
0.000865,-0.00106,-0.98999,0.98999,5,6,7,8
0.00104,-0.000935,-0.990135,0.990135,5,6,7,8
0.00086,-0.001015,-0.99032,0.99032,5,6,7,8
0.00102,-0.000995,-0.99072,0.99072,5,6,7,8
0.00091,-0.000975,-0.990495,0.990495,5,6,7,8
0.000975,-0.00114,-0.98969,0.98969,5,6,7,8
0.000915,-0.000935,-0.989835,0.989835,5,6,7,8
0.00081,-0.00104,-0.990295,0.990295,5,6,7,8
0.00097,-0.00088,-0.99014,0.99014,5,6,7,8
0.00088,-0.000945,-0.990295,0.990295,5,6,7,8
0.000915,-0.000965,-0.990205,0.990205,5,6,7,8
0.0009,-0.00104,-0.99023,0.99023,5,6,7,8
0.000955,-0.00104,-0.990225,0.990225,5,6,7,8
0.00089,-0.000985,-0.990325,0.990325,5,6,7,8
0.000855,-0.00099,-0.990225,0.990225,5,6,7,8
0.00086,-0.001,-0.990345,0.990345,5,6,7,8
0.000915,-0.000995,-0.99035,0.99035,5,6,7,8
0.000885,-0.001045,-0.990325,0.990325,5,6,7,8
0.000875,-0.001035,-0.990375,0.990375,5,6,7,8
0.000915,-0.000925,-0.99036,0.99036,5,6,7,8
0.000945,-0.000955,-0.990245,0.990245,5,6,7,8
0.00095,-0.00102,-0.990315,0.990315,5,6,7,8
0.00089,-0.000945,-0.990345,0.990345,5,6,7,8
0.000885,-0.001005,-0.99021,0.99021,5,6,7,8
0.000935,-0.00105,-0.990345,0.990345,5,6,7,8
0.00085,-0.00094,-0.990255,0.990255,5,6,7,8
0.00091,-0.00107,-0.990795,0.990795,5,6,7,8
0.000905,-0.001015,-0.990615,0.990615,5,6,7,8
0.00095,-0.00101,-0.990145,0.990145,5,6,7,8
0.000871951,-0.001042683,-0.990195122,0.990195122,5,6,7,8
0.69073,0.96414,0.335975,1.27242,5,6,7,8
0.93289,0.799735,0.502165,1.359935,5,6,7,8
-0.03285,0.725,0.08248,0.97044,5,6,7,8
-0.08391,0.019915,-0.71522,0.99982,5,6,7,8
-0.08298,-0.358885,-0.944895,1.013885,5,6,7,8
-0.08563,-0.35638,-0.92721,0.99713,5,6,7,8
-0.0958,-0.379705,-0.87275,0.95679,5,6,7,8
-0.08133,-0.37697,-0.915545,0.993875,5,6,7,8
-0.04917,-0.35776,-0.94548,1.012,5,6,7,8
-0.076665,-0.38983,-0.916645,0.99897,5,6,7,8
-0.079045,-0.41536,-0.907705,1.00114,5,6,7,8
-0.05859,-0.44343,-0.8677,0.97783,5,6,7,8
-0.160125,-0.3004,-0.913625,0.99057,5,6,7,8
-0.073515,-0.324505,-0.925695,0.98925,5,6,7,8
-0.134295,-0.470545,-0.8298,1.000775,5,6,7,8
-0.0674,-0.727155,-0.663875,0.988505,5,6,7,8
-0.05374,-0.666585,-0.731625,0.99417,5,6,7,8
-0.05342,-0.63569,-0.73694,0.981375,5,6,7,8
0.827015,0.306905,0.275235,1.05883,5,6,7,8
0.76521,0.558185,0.356005,1.020295,5,6,7,8
0.81324,0.477185,0.38639,1.029685,5,6,7,8
0.7803,0.551585,0.342695,1.02075,5,6,7,8
0.769485,0.522875,0.41863,1.024535,5,6,7,8
0.65591,0.580905,0.458935,1.00694,5,6,7,8
0.613785,0.63796,0.473205,1.00848,5,6,7,8
0.73038,0.434465,0.531855,1.01315,5,6,7,8
0.799395,0.48026,0.4652,1.05456,5,6,7,8
0.783995,0.54618,0.41034,1.047715,5,6,7,8
0.76112,0.525905,0.38123,1.00406,5,6,7,8
0.778025,0.55953,0.35748,1.030785,5,6,7,8
0.760305,0.57312,0.32371,1.00744,5,6,7,8
0.345975,-0.1891,-0.47336,1.00691,5,6,7,8
-0.068025,-0.89934,-0.380555,0.995755,5,6,7,8
-0.09402,-0.778585,-0.564305,0.981385,5,6,7,8
0.80167,0.650435,0.20552,1.232365,5,6,7,8
0.70708,0.67211,0.339405,1.042745,5,6,7,8
0.70797,0.703005,0.39185,1.087315,5,6,7,8
0.699155,0.628615,0.35944,1.0086,5,6,7,8
0.681375,0.65301,0.348395,1.007135,5,6,7,8
0.68969,0.668125,0.32172,1.01621,5,6,7,8
0.74417,0.630585,0.3428,1.046345,5,6,7,8
0.717945,0.637545,0.352445,1.0274,5,6,7,8
0.7918,0.567215,0.104255,1.009815,5,6,7,8
0.759135,0.56222,0.424715,1.0445,5,6,7,8
0.69711,0.603495,0.384715,0.99962,5,6,7,8
0.71878,0.606715,0.36075,1.01247,5,6,7,8
0.30468,-0.17314,-0.74808,0.990235,5,6,7,8
-0.049905,-0.481565,-0.855505,0.987705,5,6,7,8
-0.10511,-0.42082,-0.89127,0.99793,5,6,7,8
-0.058335,-0.32055,-0.91863,0.99692,5,6,7,8
0.07677,-0.32815,-0.931825,0.993655,5,6,7,8
0.430445,-0.045385,-0.602455,1.003355,5,6,7,8
0.52192,0.01112,-0.463945,1.016705,5,6,7,8
0.570505,0.33908,-0.521305,1.148835,5,6,7,8
0.771345,0.430565,-0.098135,0.96071,5,6,7,8
0.478845,0.16425,-0.502635,1.003795,5,6,7,8
0.049185,0.055585,-0.97269,0.97569,5,6,7,8
0.05344,0.05648,-0.99092,0.99392,5,6,7,8
0.06249,0.05006,-0.98051,0.98388,5,6,7,8
0.07241,0.038605,-0.996785,1.000145,5,6,7,8
0.07786,0.030795,-0.99082,0.994375,5,6,7,8
0.08676,0.00906,-1.013135,1.017135,5,6,7,8
0.08254,0.010345,-0.995865,0.999555,5,6,7,8
0.05328,0.01233,-0.98047,0.9822,5,6,7,8
-0.094805,-0.14157,-0.923205,0.98064,5,6,7,8
0.016965,-0.399335,-0.83191,1.000435,5,6,7,8
-0.11538,-0.73788,-0.656815,0.99773,5,6,7,8
0.401745,-0.19798,-0.27822,1.0853,5,6,7,8
0.68031,0.671675,0.43119,1.07314,5,6,7,8
0.38441,-0.276995,-0.635965,1.011085,5,6,7,8
0.097935,-0.46326,-0.869155,0.992015,5,6,7,8
0.08542,-0.386585,-0.90545,0.989875,5,6,7,8
0.080565,-0.40697,-0.887015,0.980705,5,6,7,8
-0.2581,0.533245,-0.42184,0.98066,5,6,7,8
-0.513505,0.839385,-0.10391,1.00029,5,6,7,8
-0.43543,0.69219,-0.203185,1.043485,5,6,7,8
0.041165,-0.397645,-0.81019,0.90421,5,6,7,8
0.064105,-0.426385,-0.812165,0.91988,5,6,7,8
0.06061,-0.36956,-0.866035,0.943535,5,6,7,8
0.039125,-0.331555,-1.00937,1.063705,5,6,7,8
0.09968,-0.27179,-1.10206,1.13977,5,6,7,8
0.08561,-0.23807,-1.09111,1.12074,5,6,7,8
0.07811,-0.20205,-1.036635,1.058935,5,6,7,8
0.078545,-0.206,-1.096845,1.11899,5,6,7,8
0.05389,-0.144385,-1.250955,1.26263,5,6,7,8
-0.292825,-0.10703,-0.961445,1.06212,5,6,7,8
-0.42176,-0.26593,-0.770755,0.98932,5,6,7,8
-0.025131579,-0.360078947,-0.879473684,0.957644737,5,6,7,8
-0.11118,-0.12801,-0.92262,1.00113,5,6,7,8
0.16577,-0.02425,-0.957875,0.99287,5,6,7,8
0.786055,0.169245,-0.37866,1.050475,5,6,7,8
0.942035,0.439965,0.320645,1.11085,5,6,7,8
0.950225,0.563615,0.31249,1.178315,5,6,7,8
0.961115,-0.055715,0.05444,1.09317,5,6,7,8
0.81201,-0.58343,-0.08002,1.029775,5,6,7,8
0.52793,-0.53165,-0.648265,1.004615,5,6,7,8
0.448455,-0.334915,-0.762125,0.986525,5,6,7,8
0.74247,-0.479985,-0.390645,1.014605,5,6,7,8
0.42857,-0.53082,-0.67424,1.006785,5,6,7,8
0.338,-0.31492,-0.87751,1.03074,5,6,7,8
0.34741,-0.35541,-0.86312,1.014215,5,6,7,8
0.31828,-0.37976,-0.86485,1.02269,5,6,7,8
0.17256,-0.415125,-0.882965,1.031385,5,6,7,8
0.27164,0.029425,-0.95122,1.007795,5,6,7,8
0.274975,-0.15584,-0.87303,0.96869,5,6,7,8
0.343805,-0.119235,-0.97276,1.05379,5,6,7,8
0.26919,-0.07945,-0.903075,0.963555,5,6,7,8
0.210275,-0.164095,-0.99651,1.048715,5,6,7,8
0.23922,-0.008945,-0.95317,0.991885,5,6,7,8
0.178555,-0.039755,-0.948115,0.97514,5,6,7,8
0.221525,-0.06351,-0.956855,1.007015,5,6,7,8
0.330925,0.02819,-0.97082,1.03722,5,6,7,8
0.377525,-0.120495,-0.891515,0.986205,5,6,7,8
0.411385,-0.04761,-0.93559,1.02833,5,6,7,8
0.392605,-0.025305,-0.88653,0.975405,5,6,7,8
0.426205,-0.08276,-0.900035,1.01425,5,6,7,8
0.46501,-0.145865,-0.87034,1.0198,5,6,7,8
0.284585,-0.077445,-0.946105,1.01466,5,6,7,8
-0.012985,-0.341645,-0.91962,1.00504,5,6,7,8
0.31772,-0.16018,-0.901255,1.00658,5,6,7,8
0.86294,-0.320075,-0.433665,1.05791,5,6,7,8
0.878635,-0.32478,-0.41603,1.05118,5,6,7,8
0.717195,-0.20799,-0.670995,1.03391,5,6,7,8
0.507075,0.153035,-0.83785,1.02183,5,6,7,8
0.37363,-0.027215,-0.90357,1.001825,5,6,7,8
0.53708,0.067125,-0.782485,1.009265,5,6,7,8
0.9715,-0.23206,-0.19865,1.030725,5,6,7,8
0.949335,-0.228315,-0.202485,1.00814,5,6,7,8
1.01356,-0.265455,-0.06968,1.078795,5,6,7,8
0.86061,-0.43503,-0.082645,0.99456,5,6,7,8
0.91942,-0.418365,0.02626,1.034975,5,6,7,8
0.85416,-0.149745,-0.25459,1.05342,5,6,7,8
1.119135,0.424185,0.16353,1.25721,5,6,7,8
1.110845,0.431955,0.18745,1.29641,5,6,7,8
1.1127,0.45117,0.299365,1.307165,5,6,7,8
1.079155,0.513355,0.17468,1.281205,5,6,7,8
1.090125,0.484695,0.268665,1.292125,5,6,7,8
1.081635,0.462075,0.27215,1.28678,5,6,7,8
1.068065,0.412745,0.241015,1.22777,5,6,7,8
1.066395,0.40935,0.225735,1.22135,5,6,7,8
1.07838,0.37935,0.18647,1.215375,5,6,7,8
1.073385,0.419425,0.28093,1.246225,5,6,7,8
1.02366,0.382195,0.24567,1.167475,5,6,7,8
1.057745,0.26592,0.220715,1.161185,5,6,7,8
1.111095,0.277895,0.21368,1.22503,5,6,7,8
1.008845,0.385105,0.31892,1.16663,5,6,7,8
1.056065,0.34625,0.231075,1.19924,5,6,7,8
1.110655,0.42164,0.29047,1.28944,5,6,7,8
1.08041,0.47882,0.302545,1.28875,5,6,7,8
1.01283,0.5384,0.334035,1.246,5,6,7,8
1.00429,0.32235,0.242955,1.11274,5,6,7,8
0.962765,0.40589,0.299775,1.11073,5,6,7,8
1.040325,0.56613,0.41158,1.309895,5,6,7,8
0.970215,0.305355,0.08985,1.07751,5,6,7,8
0.87332,0.47238,0.219565,1.023425,5,6,7,8
0.861925,0.43756,0.253735,1.00377,5,6,7,8
0.90488,0.40618,0.263365,1.053325,5,6,7,8
1.02199,0.45057,0.201955,1.18779,5,6,7,8
0.96395,0.44625,0.24165,1.15497,5,6,7,8
1.0469,0.374725,0.301465,1.227005,5,6,7,8
0.804565,-0.102085,-0.389415,1.03664,5,6,7,8
0.995195,-0.250775,0.14039,1.083735,5,6,7,8
1.00883,-0.215195,0.024235,1.06991,5,6,7,8
1.01167,-0.147565,0.071735,1.07787,5,6,7,8
1.017625,-0.1443,0.24179,1.1031,5,6,7,8
1.00086,-0.08707,0.28157,1.114555,5,6,7,8
0.97826,-0.17862,0.15672,1.096115,5,6,7,8
0.98995,-0.29781,0.077425,1.098265,5,6,7,8
1.0372,-0.19766,0.04131,1.122815,5,6,7,8
1.060835,-0.13286,0.146705,1.14222,5,6,7,8
1.024445,-0.179015,0.116955,1.107745,5,6,7,8
0.983965,-0.33767,0.16664,1.096065,5,6,7,8
1.036185,0.09727,0.18407,1.120825,5,6,7,8
1.043645,0.01551,0.152415,1.15507,5,6,7,8
1.048095,0.11999,0.148255,1.14622,5,6,7,8
1.031085,-0.083485,0.118125,1.084705,5,6,7,8
1.07381,0.02846,0.158995,1.140685,5,6,7,8
1.01018,0.22776,0.16048,1.0957,5,6,7,8
0.77605,0.137605,-0.20681,1.08165,5,6,7,8
0.06117,-0.237525,-0.95433,1.001535,5,6,7,8
0.73045,0.13128,-0.19978,1.089195,5,6,7,8
0.984425,0.43461,0.251815,1.14413,5,6,7,8
0.96277,0.49702,0.30889,1.167445,5,6,7,8
0.908425,0.460955,0.31334,1.081305,5,6,7,8
0.85999,0.433945,0.31153,1.01572,5,6,7,8
0.83713,0.435905,0.334095,1.001945,5,6,7,8
0.844745,0.43071,0.31804,1.000655,5,6,7,8
0.85861,0.423915,0.29022,1.00116,5,6,7,8
0.84315,0.42891,0.319105,0.99928,5,6,7,8
0.85225,0.4365,0.30109,1.005235,5,6,7,8
0.840305,0.42985,0.32677,0.999095,5,6,7,8
0.83992,0.46206,0.288955,1.001865,5,6,7,8
0.838665,0.45887,0.28891,0.99886,5,6,7,8
0.844465,0.455335,0.27981,0.999445,5,6,7,8
0.846725,0.459265,0.274455,1.002515,5,6,7,8
0.83894,0.45297,0.29886,0.999445,5,6,7,8
0.841775,0.44769,0.301255,0.999975,5,6,7,8
0.84115,0.454715,0.292855,1.000165,5,6,7,8
0.83858,0.45657,0.295025,0.9994,5,6,7,8
0.842895,0.453395,0.28859,0.9997,5,6,7,8
0.84217,0.45773,0.28412,0.999795,5,6,7,8
0.843415,0.451245,0.29112,0.999985,5,6,7,8
0.84096,0.44563,0.30348,0.99908,5,6,7,8
0.840405,0.45103,0.29874,0.99957,5,6,7,8
0.841825,0.457855,0.284685,0.999655,5,6,7,8
0.84076,0.4578,0.28956,1.000585,5,6,7,8
0.83271,0.4651,0.300505,1.00021,5,6,7,8
0.8378,0.462505,0.28695,0.999475,5,6,7,8
0.82491,0.466225,0.339615,1.015735,5,6,7,8
0.81065,0.419935,0.416705,1.007575,5,6,7,8
0.84496,0.412315,0.354155,1.00602,5,6,7,8
0.852395,0.437925,0.29492,1.00495,5,6,7,8
0.836225,0.44875,0.311115,0.999085,5,6,7,8
0.86773,0.412885,0.305795,1.014355,5,6,7,8
0.994165,0.451465,0.253035,1.17728,5,6,7,8
1.017815,0.52902,0.189,1.23845,5,6,7,8
1.04286,0.53767,0.150755,1.26099,5,6,7,8
1.0961,0.38481,0.05446,1.255275,5,6,7,8
1.109945,0.374285,0.08824,1.23114,5,6,7,8
1.023435,0.575885,0.14315,1.283215,5,6,7,8
1.03635,0.5309,0.1514,1.263125,5,6,7,8
1.011005,0.32065,0.137505,1.130855,5,6,7,8
1.129715,0.374095,0.07522,1.283715,5,6,7,8
1.09188,0.51361,0.268635,1.410065,5,6,7,8
1.118525,0.53422,0.25785,1.348275,5,6,7,8
1.058175,0.429895,0.249665,1.25399,5,6,7,8
1.13001,0.356925,0.22191,1.316135,5,6,7,8
1.056695,0.368175,0.158255,1.20393,5,6,7,8
0.97943,0.41564,0.132775,1.13549,5,6,7,8
1.01473,0.42581,0.138975,1.13987,5,6,7,8
0.99863,0.44624,0.279405,1.15497,5,6,7,8
0.92341,0.39465,0.21737,1.040795,5,6,7,8
0.960375,0.32896,0.29282,1.09255,5,6,7,8
1.04803,0.31991,0.159705,1.15071,5,6,7,8
0.97532,0.379005,0.198615,1.099415,5,6,7,8
0.976225,0.250615,0.233915,1.082905,5,6,7,8
1.04741,0.37341,0.18025,1.192915,5,6,7,8
1.062175,0.28321,0.088005,1.1764,5,6,7,8
1.0321,0.320165,0.12575,1.150135,5,6,7,8
1.02523,0.372275,0.15414,1.177365,5,6,7,8
1.07007,0.465595,0.18759,1.24458,5,6,7,8
1.116425,0.38769,0.11599,1.272845,5,6,7,8
0.94295,0.18305,0.177815,1.01689,5,6,7,8
1.000765,0.28132,0.15861,1.095435,5,6,7,8
1.011305,0.405935,0.160235,1.169745,5,6,7,8
1.103455,0.43385,0.18073,1.29178,5,6,7,8
0.8362,-0.1211,-0.45833,1.014435,5,6,7,8
1.002885,0.448505,-0.02813,1.181895,5,6,7,8
1.08451,0.50673,0.143885,1.30699,5,6,7,8
1.16899,0.45928,0.152865,1.394645,5,6,7,8
1.004825,0.375725,0.08427,1.14207,5,6,7,8
1.00752,0.143425,-0.128205,1.118505,5,6,7,8
0.95464,0.214695,-0.10966,1.02286,5,6,7,8
0.964295,0.33007,0.02892,1.042105,5,6,7,8
0.957445,0.211895,0.08029,1.003795,5,6,7,8
0.94331,0.24451,0.093905,0.991845,5,6,7,8
0.993215,0.195315,0.177465,1.04446,5,6,7,8
0.9446,0.25309,0.18256,1.011965,5,6,7,8
0.938975,0.31241,0.227395,1.033115,5,6,7,8
0.892015,0.31279,0.14853,0.97503,5,6,7,8
1.010955,0.340275,0.169465,1.10837,5,6,7,8
0.974655,0.418555,0.258295,1.14626,5,6,7,8
0.935755,0.33239,0.31841,1.093555,5,6,7,8
0.954055,0.45607,0.314675,1.14622,5,6,7,8
0.930005,0.219395,0.36449,1.066235,5,6,7,8
0.987165,0.359025,0.32742,1.15331,5,6,7,8
0.871465,0.418005,0.304595,1.02809,5,6,7,8
0.93102,0.440125,0.31465,1.111885,5,6,7,8
0.963315,0.37191,0.40973,1.14416,5,6,7,8
0.91261,0.414745,0.372275,1.09642,5,6,7,8
0.902175,0.488255,0.38903,1.13346,5,6,7,8
0.94049,0.487355,0.363035,1.15379,5,6,7,8
0.96054,0.55699,0.417185,1.23856,5,6,7,8
0.96394,0.55208,0.37353,1.230285,5,6,7,8
0.92021,0.524005,0.372555,1.161845,5,6,7,8
0.90807,0.3589,0.3229,1.040555,5,6,7,8
0.920585,0.244795,0.354465,1.031625,5,6,7,8
0.96519,0.073015,0.26286,1.015985,5,6,7,8
0.96006,0.20032,0.16565,1.010355,5,6,7,8
0.992195,-0.02353,0.036735,1.003585,5,6,7,8
0.763485,0.042035,-0.551665,1.00929,5,6,7,8
0.666385,0.278345,-0.71612,1.02312,5,6,7,8
0.61535,0.191315,-0.699315,0.960275,5,6,7,8
0.63752,0.06344,-0.75456,1.00108,5,6,7,8
0.601575,-0.021735,-0.78913,0.999315,5,6,7,8
0.589765,-0.097635,-0.782505,0.993045,5,6,7,8
0.53662,-0.11281,-0.8193,0.9927,5,6,7,8
0.51252,-0.13479,-0.83067,0.99107,5,6,7,8
0.483065,-0.105645,-0.834605,0.976145,5,6,7,8
0.68006,0.010865,-0.73298,1.015635,5,6,7,8
0.673785,-0.056215,-0.70235,0.987115,5,6,7,8
0.78242,-0.049175,-0.58579,0.984175,5,6,7,8
0.954115,0.102785,-0.33447,1.02541,5,6,7,8
0.958475,0.1136,-0.17999,0.987255,5,6,7,8
0.974545,0.124845,-0.165035,1.001785,5,6,7,8
0.970255,0.23648,-0.115005,1.011405,5,6,7,8
0.94793,0.252525,-0.13712,1.0017,5,6,7,8
0.922735,0.14192,-0.331045,0.99864,5,6,7,8
0.93078,0.13183,-0.33854,1.006095,5,6,7,8
0.91498,0.16607,-0.346105,0.997665,5,6,7,8
0.913075,0.11707,-0.355805,0.99214,5,6,7,8
0.89777,0.15696,-0.42174,1.00955,5,6,7,8
0.861285,0.04758,-0.487125,0.99738,5,6,7,8
0.79245,-0.00505,-0.60606,1.00137,5,6,7,8
0.769098039,0.025705882,-0.607245098,0.982137255,5,6,7,8
-0.124065,-0.004245,-0.67367,0.98446,5,6,7,8
-0.240535,0.9666,0.169865,1.01347,5,6,7,8
-0.197715,0.945425,0.236845,1.001475,5,6,7,8
-0.0848,0.536195,-0.143385,1.002215,5,6,7,8
-0.05081,-0.341465,-0.926865,0.988875,5,6,7,8
-0.04044,-0.34644,-0.903835,0.968585,5,6,7,8
-0.0446,-0.347935,-0.91915,0.984135,5,6,7,8
-0.07775,-0.305705,-0.925625,0.97789,5,6,7,8
-0.07995,-0.32147,-0.94134,0.99815,5,6,7,8
-0.050265,-0.34076,-0.9324,0.994065,5,6,7,8
-0.054835,-0.346695,-0.92602,0.99029,5,6,7,8
-0.081105,-0.34839,-0.92158,0.98851,5,6,7,8
-0.082016854,-0.356876404,-0.926129213,0.99611236,5,6,7,8
0.06873,0.031875,-0.700015,0.99214,1,1,1,1
0.21329,0.94957,-0.06286,0.976475,1,1,1,1
0.26359,0.95852,-0.148135,1.01053,1,1,1,1
0.312535,0.91951,-0.195385,0.991025,1,1,1,1
0.300275,0.90862,-0.18589,0.974815,1,1,1,1
0.30237,0.91916,-0.179875,0.984235,1,1,1,1
0.306095,0.92748,-0.178495,0.992785,1,1,1,1
0.307915,0.930275,-0.182355,0.996675,1,1,1,1
0.311785,0.92423,-0.18041,0.992005,1,1,1,1
0.31837,0.91732,-0.18116,0.9877,1,1,1,1
0.32083,0.921965,-0.18391,0.99351,1,1,1,1
0.305315,0.934225,-0.186285,1.00051,1,1,1,1
0.311095,0.92477,-0.188315,0.99364,1,1,1,1
0.281585,0.796795,-0.28504,0.98937,1,1,1,1
-0.08965,-0.1666,-0.96175,0.9809,1,1,1,1
-0.06797,-0.233595,-0.910225,0.94248,1,1,1,1
-0.053,-0.207,-0.909,0.934,1,1,1,1
0.23069,-0.007105,-0.86779,1.017165,1,1,1,1
0.552405,0.77758,-0.16695,1.007625,1,1,1,1
0.700835,0.697805,-0.09333,0.999505,1,1,1,1
0.70064,0.665215,0.152265,1.00039,1,1,1,1
0.8097,0.484275,0.306785,1.003585,1,1,1,1
0.80119,0.44658,0.394475,1.010275,1,1,1,1
0.776805,0.469175,0.377035,1.00238,1,1,1,1
0.8653,0.418145,0.320385,1.0184,1,1,1,1
0.83796,0.43569,0.286295,1.00425,1,1,1,1
0.863845,0.381065,0.299405,0.99884,1,1,1,1
0.892055,0.38068,0.25301,1.007495,1,1,1,1
0.89114,0.354705,0.268395,1.002015,1,1,1,1
0.851715,0.387685,0.33243,1.005375,1,1,1,1
0.87991,0.354495,0.26704,0.99191,1,1,1,1
0.901765,0.36503,0.25393,1.021515,1,1,1,1
0.87093,0.3164,0.318675,0.990975,1,1,1,1
0.9239,0.29672,0.237535,0.999645,1,1,1,1
0.914745,0.33326,0.2452,1.00727,1,1,1,1
0.917855,0.325085,0.209675,0.996625,1,1,1,1
0.89222,0.38917,0.2263,1.002985,1,1,1,1
0.82121,0.498065,0.26188,1.00344,1,1,1,1
0.79749,0.56388,0.19654,0.998685,1,1,1,1
0.825175,0.53014,0.15596,0.997585,1,1,1,1
0.815115,0.546975,0.12078,0.994665,1,1,1,1
0.7718,0.596955,0.222975,1.00474,1,1,1,1
0.78259,0.569475,0.23674,0.99815,1,1,1,1
0.789025,0.5775,0.19611,0.998345,1,1,1,1
0.78175,0.57386,0.2356,0.99838,1,1,1,1
0.791835,0.57381,0.185875,0.99777,1,1,1,1
0.76799,0.406035,0.469975,1.01701,1,1,1,1
0.72148,0.36233,0.53818,1.00981,1,1,1,1
0.83175,0.34614,0.374655,1.00046,1,1,1,1
0.91899,0.32429,0.245325,1.007345,1,1,1,1
0.87358,0.36948,0.29119,1.014355,1,1,1,1
0.92473,0.324495,0.158045,1.010865,1,1,1,1
0.944065,0.28111,0.121715,0.994325,1,1,1,1
0.88884,0.357905,0.199125,0.996285,1,1,1,1
0.95014,0.28118,0.139725,1.004015,1,1,1,1
0.935045,0.3194,0.16645,1.01354,1,1,1,1
0.88416,0.359845,0.237305,1.02154,1,1,1,1
0.94682,0.27475,0.12436,0.995305,1,1,1,1
0.89562,0.349635,0.20302,1.018315,1,1,1,1
0.9447,0.28864,0.158655,1.00967,1,1,1,1
0.9473,0.277005,0.154995,0.999965,1,1,1,1
0.95183,0.284035,0.142015,1.00413,1,1,1,1
0.87551,0.35871,0.238985,0.997905,1,1,1,1
0.93804,0.301785,0.156345,0.999575,1,1,1,1
0.92228,0.3348,0.174405,1.008515,1,1,1,1
0.93991,0.291245,0.16092,0.99884,1,1,1,1
0.933595,0.29582,0.166695,0.99719,1,1,1,1
0.876575,0.339585,0.2636,1.003645,1,1,1,1
0.89129,0.323265,0.308275,1.014475,1,1,1,1
0.88779,0.35335,0.217125,0.995855,1,1,1,1
0.963805,0.287475,0.12537,1.01683,1,1,1,1
0.87772,0.349135,0.21645,0.987735,1,1,1,1
0.928525,0.310865,0.183805,0.99809,1,1,1,1
0.929475,0.302665,0.202115,1.001815,1,1,1,1
0.911175,0.3313,0.194985,1.00176,1,1,1,1
0.904275,0.35996,0.186895,1.015365,1,1,1,1
0.91342,0.351935,0.20611,1.018615,1,1,1,1
0.8903,0.36097,0.274055,1.031755,1,1,1,1
0.835545,0.38628,0.28903,1.001105,1,1,1,1
0.943555,0.32181,0.22246,1.037615,1,1,1,1
0.858065,0.371085,0.25722,1.00469,1,1,1,1
0.92866,0.313115,0.191955,1.02171,1,1,1,1
0.9619,0.321375,0.15427,1.03376,1,1,1,1
0.836425,0.379625,0.266155,0.99362,1,1,1,1
0.93401,0.30559,0.20025,1.02401,1,1,1,1
0.91351,0.32965,0.19883,1.01256,1,1,1,1
0.89305,0.3476,0.19233,1.011915,1,1,1,1
0.933125,0.30003,0.13691,0.99296,1,1,1,1
0.92284,0.3284,0.208595,1.00849,1,1,1,1
0.93562,0.314735,0.159565,1.00031,1,1,1,1
0.924475,0.332595,0.17495,1.000255,1,1,1,1
0.885925,0.379555,0.267055,1.0079,1,1,1,1
0.848815,0.414315,0.324345,1.004815,1,1,1,1
0.88433,0.440895,0.070455,0.99522,1,1,1,1
0.88299,0.41318,0.19478,1.001255,1,1,1,1
0.868845,0.480415,0.020905,0.994945,1,1,1,1
0.88988,0.43835,0.083925,0.997335,1,1,1,1
0.92951,0.313495,0.18717,0.999935,1,1,1,1
0.946955,0.28499,0.12471,1.000785,1,1,1,1
0.922895,0.327465,0.17971,0.99589,1,1,1,1
0.924895,0.32598,0.188615,1.00077,1,1,1,1
0.898175,0.368575,0.223355,0.99801,1,1,1,1
0.889285,0.390065,0.231035,0.99991,1,1,1,1
0.85788,0.49457,0.09064,0.99735,1,1,1,1
0.866535,0.486915,0.038875,0.997045,1,1,1,1
0.826715,0.53936,0.090495,0.99783,1,1,1,1
0.77947,0.613355,0.1203,1.003095,1,1,1,1
0.810475,0.54114,0.211115,0.9974,1,1,1,1
0.818355,0.533725,0.174445,0.9955,1,1,1,1
0.784025,0.59154,0.168855,1.00118,1,1,1,1
0.785195,0.583205,0.18445,0.99744,1,1,1,1
0.788635,0.570095,0.22114,0.99872,1,1,1,1
0.76584,0.59576,0.22494,0.997155,1,1,1,1
0.77849,0.5789,0.231945,0.998025,1,1,1,1
0.760235,0.582275,0.279395,0.997945,1,1,1,1
0.75916,0.577955,0.28611,0.99678,1,1,1,1
0.752235,0.57498,0.312515,0.998105,1,1,1,1
0.75868,0.58931,0.26768,0.99778,1,1,1,1
0.770295,0.582045,0.248485,0.997355,1,1,1,1
0.785755,0.56369,0.24413,0.9976,1,1,1,1
0.79767,0.555045,0.21984,0.99792,1,1,1,1
0.795425,0.553385,0.236515,0.998925,1,1,1,1
0.768615,0.585835,0.24452,0.997715,1,1,1,1
0.75544,0.56836,0.306875,0.99721,1,1,1,1
0.80743,0.398635,0.36707,1.005795,1,1,1,1
0.776505,0.390085,0.45251,1.01169,1,1,1,1
0.84382,0.386755,0.32904,1.00582,1,1,1,1
0.78713,0.42221,0.4044,1.0046,1,1,1,1
0.826005,0.40001,0.36358,1.020455,1,1,1,1
0.91243,0.328775,0.248805,1.009705,1,1,1,1
0.886135,0.343815,0.30272,1.014755,1,1,1,1
0.86271,0.36543,0.264995,0.99137,1,1,1,1
0.904795,0.33562,0.29357,1.01456,1,1,1,1
0.903235,0.32183,0.26063,0.994505,1,1,1,1
0.899695,0.334095,0.271945,1.002135,1,1,1,1
0.89629,0.324495,0.285895,0.9969,1,1,1,1
0.73396,0.541315,0.380015,1.064,1,1,1,1
0.784365,0.54975,0.30562,1.02705,1,1,1,1
0.773015,0.55334,0.269245,0.99527,1,1,1,1
0.85965,0.41728,0.24325,1.00804,1,1,1,1
0.761725,0.450715,0.41893,1.00114,1,1,1,1
0.841185,0.390435,0.33863,1.018105,1,1,1,1
0.878445,0.359665,0.323265,1.00798,1,1,1,1
0.84949,0.39397,0.34056,1.018745,1,1,1,1
0.759015,0.403665,0.352165,0.979225,1,1,1,1
0.922845,0.344385,0.300455,1.058675,1,1,1,1
0.917055,0.31509,0.23927,0.99977,1,1,1,1
0.90961,0.32065,0.24207,0.995325,1,1,1,1
0.853035,0.398165,0.316355,1.014165,1,1,1,1
0.890405,0.342005,0.24852,1.00068,1,1,1,1
0.90692,0.336865,0.252575,1.006135,1,1,1,1
0.837405,0.408455,0.317665,1.002605,1,1,1,1
0.911195,0.370825,0.196745,1.02076,1,1,1,1
0.918895,0.32052,0.17548,1.00456,1,1,1,1
0.91476,0.3322,0.207935,0.99995,1,1,1,1
0.897545,0.375875,0.235845,1.005555,1,1,1,1
0.93486,0.327905,0.168375,1.007785,1,1,1,1
0.77526,0.469535,0.391015,1.01019,1,1,1,1
0.818095,0.403715,0.361965,1.00545,1,1,1,1
0.842815,0.41013,0.341875,1.03854,1,1,1,1
0.86435,0.365445,0.307455,1.004575,1,1,1,1
0.815925,0.41367,0.38171,1.01389,1,1,1,1
0.87179,0.353865,0.306725,0.994475,1,1,1,1
0.84381,0.393585,0.307205,0.99478,1,1,1,1
0.8482,0.37647,0.38788,1.021755,1,1,1,1
0.817065,0.385935,0.40066,1.011895,1,1,1,1
0.84178,0.383725,0.343135,1.009695,1,1,1,1
0.87438,0.369285,0.299605,1.009655,1,1,1,1
0.851775,0.373045,0.33542,1.000405,1,1,1,1
0.839155,0.3936,0.332595,1.004495,1,1,1,1
0.90233,0.358875,0.232255,1.00569,1,1,1,1
0.8817,0.37283,0.285025,1.010505,1,1,1,1
0.90444,0.340935,0.22012,0.992435,1,1,1,1
0.854235,0.40633,0.30054,1.00383,1,1,1,1
0.889055,0.36915,0.260725,0.999255,1,1,1,1
0.84219,0.417605,0.309545,1.00435,1,1,1,1
0.86068,0.407185,0.281805,1.007695,1,1,1,1
0.873425,0.40411,0.235775,1.00489,1,1,1,1
0.899295,0.37274,0.207765,1.004185,1,1,1,1
0.90386,0.345375,0.19394,0.99933,1,1,1,1
0.90424,0.39282,0.204085,1.025895,1,1,1,1
0.904735,0.367875,0.154585,0.997985,1,1,1,1
0.915725,0.37714,0.18491,1.01252,1,1,1,1
0.88726,0.39157,0.21826,0.99862,1,1,1,1
0.913555,0.356385,0.18611,0.998755,1,1,1,1
0.8504,0.451695,0.275615,1.013355,1,1,1,1
0.7693,0.51114,0.331265,1.01053,1,1,1,1
0.652525,0.62482,0.29835,1.00674,1,1,1,1
0.786055,0.59614,0.1125,0.99857,1,1,1,1
0.77153,0.67307,0.12456,1.04734,1,1,1,1
0.034175,0.174055,-0.599875,1.006955,1,1,1,1
-0.110117647,-0.448,-0.875911765,0.990441176,1,1,1,1